time,Tair,RH
07/21/23 下午06时47分56秒,5.847,85.213
07/21/23 下午07时47分56秒,5.462,84.182
07/21/23 下午08时47分56秒,5.616,82.933
07/21/23 下午09时47分56秒,5.179,88.764
07/21/23 下午10时47分56秒,5.05,83.719
07/21/23 下午11时47分56秒,4.298,85.62
07/22/23 上午12时47分56秒,3.643,88.786
07/22/23 上午01时47分56秒,2.903,89.156
07/22/23 上午02时47分56秒,2.823,89.237
07/22/23 上午03时47分56秒,2.77,88.769
07/22/23 上午04时47分56秒,1.859,89.745
07/22/23 上午05时47分56秒,1.859,88.464
07/22/23 上午06时47分56秒,1.289,91.564
07/22/23 上午07时47分56秒,0.77,94.053
07/22/23 上午08时47分56秒,1.967,90.623
07/22/23 上午09时47分56秒,4.558,81.821
07/22/23 上午10时47分56秒,7.217,72.56
07/22/23 上午11时47分56秒,8.419,58.386
07/22/23 下午12时47分56秒,8.767,60.348
07/22/23 下午01时47分56秒,7.82,65.644
07/22/23 下午02时47分56秒,7.494,72.254
07/22/23 下午03时47分56秒,10.32,55.3
07/22/23 下午04时47分56秒,11.2,55.162
07/22/23 下午05时47分56秒,11.37,51.743
07/22/23 下午06时47分56秒,10.418,56.449
07/22/23 下午07时47分56秒,10.443,60.8
07/22/23 下午08时47分56秒,7.895,71.387
07/22/23 下午09时47分56秒,6.94,83.952
07/22/23 下午10时47分56秒,6.763,79.392
07/22/23 下午11时47分56秒,6.077,86.567
07/23/23 上午12时47分56秒,5.385,84.842
07/23/23 上午01时47分56秒,5.385,86.838
07/23/23 上午02时47分56秒,5.385,86.089
07/23/23 上午03时47分56秒,4.011,90.043
07/23/23 上午04时47分56秒,4.063,88.103
07/23/23 上午05时47分56秒,3.67,94.148
07/23/23 上午06时47分56秒,3.116,93.728
07/23/23 上午07时47分56秒,3.485,92.985
07/23/23 上午08时47分56秒,3.485,93.357
07/23/23 上午09时47分56秒,4.792,89.939
07/23/23 上午10时47分56秒,6.535,77.672
07/23/23 上午11时47分56秒,7.419,67.248
07/23/23 下午12时47分56秒,9.262,66.218
07/23/23 下午01时47分56秒,8.717,66.976
07/23/23 下午02时47分56秒,9.854,58.733
07/23/23 下午03时47分56秒,10.687,55.385
07/23/23 下午04时47分56秒,10.565,58.433
07/23/23 下午05时47分56秒,10.687,56.103
07/23/23 下午06时47分56秒,10.001,59.464
07/23/23 下午07时47分56秒,9.238,63.307
07/23/23 下午08时47分56秒,7.293,78.16
07/23/23 下午09时47分56秒,6.204,83.938
07/23/23 下午10时47分56秒,5.385,87.945
07/23/23 下午11时47分56秒,5.308,90.171
07/24/23 上午12时47分56秒,5.821,81.316
07/24/23 上午01时47分56秒,4.844,93.47
07/24/23 上午02时47分56秒,4.141,95.924
07/24/23 上午03时47分56秒,4.037,96.165
07/24/23 上午04时47分56秒,3.564,99.519
07/24/23 上午05时47分56秒,3.722,98.168
07/24/23 上午06时47分56秒,3.512,99.024
07/24/23 上午07时47分56秒,3.195,98.958
07/24/23 上午08时47分56秒,3.827,95.813
07/24/23 上午09时47分56秒,4.662,97.363
07/24/23 上午10时47分56秒,5.385,89.581
07/24/23 上午11时47分56秒,6.763,88.492
07/24/23 下午12时47分56秒,7.97,74.508
07/24/23 下午01时47分56秒,7.87,76.489
07/24/23 下午02时47分56秒,9.608,67.652
07/24/23 下午03时47分56秒,8.817,69.799
07/24/23 下午04时47分56秒,8.742,70.067
07/24/23 下午05时47分56秒,8.817,66.281
07/24/23 下午06时47分56秒,7.945,70.978
07/24/23 下午07时47分56秒,6.914,76.505
07/24/23 下午08时47分56秒,4.61,90.348
07/24/23 下午09时47分56秒,5.05,93.823
07/24/23 下午10时47分56秒,4.844,94.958
07/24/23 下午11时47分56秒,4.662,94.81
07/25/23 上午12时47分56秒,4.584,88.921
07/25/23 上午01时47分56秒,3.854,93.604
07/25/23 上午02时47分56秒,3.906,96.715
07/25/23 上午03时47分56秒,3.617,94.381
07/25/23 上午04时47分56秒,3.036,99.559
07/25/23 上午05时47分56秒,3.142,97.956
07/25/23 上午06时47分56秒,2.93,96.833
07/25/23 上午07时47分56秒,2.93,95.519
07/25/23 上午08时47分56秒,3.722,94.409
07/25/23 上午09时47分56秒,4.558,89.6
07/25/23 上午10时47分56秒,4.61,89.842
07/25/23 上午11时47分56秒,5.282,86.271
07/25/23 下午12时47分56秒,5.231,85.689
07/25/23 下午01时47分56秒,5.796,83.291
07/25/23 下午02时47分56秒,6.535,80.359
07/25/23 下午03时47分56秒,7.97,75.635
07/25/23 下午04时47分56秒,7.87,69.731
07/25/23 下午05时47分56秒,7.795,73.865
07/25/23 下午06时47分56秒,6.864,77.472
07/25/23 下午07时47分56秒,6.255,79.173
07/25/23 下午08时47分56秒,5.231,82.765
07/25/23 下午09时47分56秒,5.231,83.945
07/25/23 下午10时47分56秒,4.48,89.403
07/25/23 下午11时47分56秒,4.869,84.355
07/26/23 上午12时47分56秒,4.194,87.164
07/26/23 上午01时47分56秒,4.141,89.672
07/26/23 上午02时47分56秒,3.617,92.149
07/26/23 上午03时47分56秒,3.142,98.39
07/26/23 上午04时47分56秒,3.089,94.337
07/26/23 上午05时47分56秒,3.591,84.623
07/26/23 上午06时47分56秒,3.301,92.365
07/26/23 上午07时47分56秒,2.983,95.436
07/26/23 上午08时47分56秒,3.301,95.718
07/26/23 上午09时47分56秒,3.301,99.635
07/26/23 上午10时47分56秒,3.775,100
07/26/23 上午11时47分56秒,5.231,89.644
07/26/23 下午12时47分56秒,6.306,82.142
07/26/23 下午01时47分56秒,6.458,85.124
07/26/23 下午02时47分56秒,7.116,79.524
07/26/23 下午03时47分56秒,7.293,81.703
07/26/23 下午04时47分56秒,6.23,85.825
07/26/23 下午05时47分56秒,7.242,79.417
07/26/23 下午06时47分56秒,6.408,83.038
07/26/23 下午07时47分56秒,6.128,86.372
07/26/23 下午08时47分56秒,5.796,88.303
07/26/23 下午09时47分56秒,4.74,93.043
07/26/23 下午10时47分56秒,4.428,94.599
07/26/23 下午11时47分56秒,4.402,92.405
07/27/23 上午12时47分56秒,3.932,95.793
07/27/23 上午01时47分56秒,3.906,93.742
07/27/23 上午02时47分56秒,4.246,91.363
07/27/23 上午03时47分56秒,3.406,98.32
07/27/23 上午04时47分56秒,2.903,99.664
07/27/23 上午05时47分56秒,2.637,98.055
07/27/23 上午06时47分56秒,2.983,92.381
07/27/23 上午07时47分56秒,3.301,90.164
07/27/23 上午08时47分56秒,4.141,92.586
07/27/23 上午09时47分56秒,4.584,94.121
07/27/23 上午10时47分56秒,6.535,88.487
07/27/23 上午11时47分56秒,8.195,66.453
07/27/23 下午12时47分56秒,10.32,60.985
07/27/23 下午01时47分56秒,9.805,63.347
07/27/23 下午02时47分56秒,11.224,55.045
07/27/23 下午03时47分56秒,12.05,48.993
07/27/23 下午04时47分56秒,9.928,64.294
07/27/23 下午05时47分56秒,10.026,62.455
07/27/23 下午06时47分56秒,8.319,71.666
07/27/23 下午07时47分56秒,7.72,75.938
07/27/23 下午08时47分56秒,6.484,78.47
07/27/23 下午09时47分56秒,3.301,93.11
07/27/23 下午10时47分56秒,2.45,94.875
07/27/23 下午11时47分56秒,2.423,96.862
07/28/23 上午12时47分56秒,1.67,97.734
07/28/23 上午01时47分56秒,2.021,96.87
07/28/23 上午02时47分56秒,2.396,96.443
07/28/23 上午03时47分56秒,2.128,100
07/28/23 上午04时47分56秒,2.074,100
07/28/23 上午05时47分56秒,1.534,100
07/28/23 上午06时47分56秒,2.423,100
07/28/23 上午07时47分56秒,2.236,100
07/28/23 上午08时47分56秒,2.61,98.768
07/28/23 上午09时47分56秒,2.823,96.099
07/28/23 上午10时47分56秒,5.282,93.436
07/28/23 上午11时47分56秒,5.231,94.369
07/28/23 下午12时47分56秒,4.506,91.807
07/28/23 下午01时47分56秒,5.282,84.896
07/28/23 下午02时47分56秒,5.847,81.136
07/28/23 下午03时47分56秒,6.357,80.826
07/28/23 下午04时47分56秒,6.255,81.229
07/28/23 下午05时47分56秒,4.61,91.08
07/28/23 下午06时47分56秒,4.662,93.844
07/28/23 下午07时47分56秒,2.983,94.013
07/28/23 下午08时47分56秒,2.557,96.147
07/28/23 下午09时47分56秒,2.61,95.821
07/28/23 下午10时47分56秒,2.93,98.378
07/28/23 下午11时47分56秒,2.744,100
07/29/23 上午12时47分56秒,2.37,100
07/29/23 上午01时47分56秒,2.45,100
07/29/23 上午02时47分56秒,3.063,99.615
07/29/23 上午03时47分56秒,3.089,98.712
07/29/23 上午04时47分56秒,3.248,95.141
07/29/23 上午05时47分56秒,2.37,100
07/29/23 上午06时47分56秒,2.45,100
07/29/23 上午07时47分56秒,2.236,100
07/29/23 上午08时47分56秒,3.089,100
07/29/23 上午09时47分56秒,3.906,97.736
07/29/23 上午10时47分56秒,5.514,91.59
07/29/23 上午11时47分56秒,7.318,75.553
07/29/23 下午12时47分56秒,8.22,81.834
07/29/23 下午01时47分56秒,10.785,67.297
07/29/23 下午02时47分56秒,8.095,73.179
07/29/23 下午03时47分56秒,7.619,79.284
07/29/23 下午04时47分56秒,8.469,75.739
07/29/23 下午05时47分56秒,8.543,76.604
07/29/23 下午06时47分56秒,7.393,81.353
07/29/23 下午07时47分56秒,3.827,91.955
07/29/23 下午08时47分56秒,4.61,92.059
07/29/23 下午09时47分56秒,5.231,89.898
07/29/23 下午10时47分56秒,5.539,84.957
07/29/23 下午11时47分56秒,4.947,88.885
07/30/23 上午12时47分56秒,5.024,86.828
07/30/23 上午01时47分56秒,4.766,87.099
07/30/23 上午02时47分56秒,3.88,93.71
07/30/23 上午03时47分56秒,3.538,98.671
07/30/23 上午04时47分56秒,3.406,100
07/30/23 上午05时47分56秒,3.512,100
07/30/23 上午06时47分56秒,3.459,100
07/30/23 上午07时47分56秒,3.433,100
07/30/23 上午08时47分56秒,3.538,100
07/30/23 上午09时47分56秒,4.141,100
07/30/23 上午10时47分56秒,5.437,93.277
07/30/23 上午11时47分56秒,8.369,79.989
07/30/23 下午12时47分56秒,7.217,76.433
07/30/23 下午01时47分56秒,7.845,76.019
07/30/23 下午02时47分56秒,10.198,68.815
07/30/23 下午03时47分56秒,9.608,68.023
07/30/23 下午04时47分56秒,10.394,63.623
07/30/23 下午05时47分56秒,9.977,68.433
07/30/23 下午06时47分56秒,7.645,81.996
07/30/23 下午07时47分56秒,6.458,85.828
07/30/23 下午08时47分56秒,6.687,83.682
07/30/23 下午09时47分56秒,5.796,86.861
07/30/23 下午10时47分56秒,5.745,87.854
07/30/23 下午11时47分56秒,5.437,89.211
07/31/23 上午12时47分56秒,5.334,88.496
07/31/23 上午01时47分56秒,5.385,87.07
07/31/23 上午02时47分56秒,4.973,93.728
07/31/23 上午03时47分56秒,4.089,98.368
07/31/23 上午04时47分56秒,3.722,99.708
07/31/23 上午05时47分56秒,3.696,99.844
07/31/23 上午06时47分56秒,3.749,100
07/31/23 上午07时47分56秒,4.272,95.739
07/31/23 上午08时47分56秒,4.61,96.763
07/31/23 上午09时47分56秒,4.61,97.397
07/31/23 上午10时47分56秒,5.796,91.512
07/31/23 上午11时47分56秒,7.569,80.617
07/31/23 下午12时47分56秒,8.817,77.072
07/31/23 下午01时47分56秒,8.693,71.404
07/31/23 下午02时47分56秒,9.977,71.065
07/31/23 下午03时47分56秒,7.268,81.564
07/31/23 下午04时47分56秒,6.611,87.577
07/31/23 下午05时47分56秒,6.585,90.343
07/31/23 下午06时47分56秒,7.066,84.613
07/31/23 下午07时47分56秒,7.091,83.618
07/31/23 下午08时47分56秒,6.94,82.048
07/31/23 下午09时47分56秒,5.898,86.161
07/31/23 下午10时47分56秒,5.616,86.559
07/31/23 下午11时47分56秒,5.36,90.235
08/01/23 上午12时47分56秒,5.591,87.944
08/01/23 上午01时47分56秒,5.975,84.198
08/01/23 上午02时47分56秒,5.565,89.448
08/01/23 上午03时47分56秒,4.74,97.482
08/01/23 上午04时47分56秒,4.298,98.427
08/01/23 上午05时47分56秒,3.932,96.234
08/01/23 上午06时47分56秒,3.985,99.783
08/01/23 上午07时47分56秒,3.88,98.984
08/01/23 上午08时47分56秒,4.454,99.533
08/01/23 上午09时47分56秒,4.947,98.416
08/01/23 上午10时47分56秒,5.745,95.598
08/01/23 上午11时47分56秒,5.847,97.644
08/01/23 下午12时47分56秒,7.293,92.709
08/01/23 下午01时47分56秒,9.706,73.837
08/01/23 下午02时47分56秒,9.558,74.03
08/01/23 下午03时47分56秒,9.632,70.294
08/01/23 下午04时47分56秒,10.345,69.921
08/01/23 下午05时47分56秒,8.866,70.877
08/01/23 下午06时47分56秒,7.444,83.753
08/01/23 下午07时47分56秒,6.763,84.121
08/01/23 下午08时47分56秒,7.015,83.548
08/01/23 下午09时47分56秒,6.23,86.578
08/01/23 下午10时47分56秒,5.821,89.895
08/01/23 下午11时47分56秒,5.539,85.243
08/02/23 上午12时47分56秒,4.869,94.668
08/02/23 上午01时47分56秒,4.74,94.485
08/02/23 上午02时47分56秒,5.154,88.758
08/02/23 上午03时47分56秒,4.973,90.415
08/02/23 上午04时47分56秒,4.324,100
08/02/23 上午05时47分56秒,3.958,100
08/02/23 上午06时47分56秒,3.932,100
08/02/23 上午07时47分56秒,3.932,100
08/02/23 上午08时47分56秒,4.194,100
08/02/23 上午09时47分56秒,4.766,100
08/02/23 上午10时47分56秒,5.719,96.282
08/02/23 上午11时47分56秒,8.22,83.351
08/02/23 下午12时47分56秒,7.92,85.13
08/02/23 下午01时47分56秒,5.693,88.432
08/02/23 下午02时47分56秒,6.585,84.971
08/02/23 下午03时47分56秒,7.895,80.18
08/02/23 下午04时47分56秒,7.67,83.065
08/02/23 下午05时47分56秒,6.535,83.014
08/02/23 下午06时47分56秒,6.357,82.048
08/02/23 下午07时47分56秒,6.357,86.012
08/02/23 下午08时47分56秒,5.975,87.292
08/02/23 下午09时47分56秒,5.128,95.874
08/02/23 下午10时47分56秒,4.402,93.353
08/02/23 下午11时47分56秒,3.932,90.98
08/03/23 上午12时47分56秒,4.454,89.802
08/03/23 上午01时47分56秒,4.35,91.991
08/03/23 上午02时47分56秒,3.932,95.548
08/03/23 上午03时47分56秒,3.512,95.237
08/03/23 上午04时47分56秒,3.433,96.632
08/03/23 上午05时47分56秒,2.93,97.341
08/03/23 上午06时47分56秒,3.538,93.223
08/03/23 上午07时47分56秒,3.643,94.19
08/03/23 上午08时47分56秒,3.433,99.625
08/03/23 上午09时47分56秒,5.231,95.458
08/03/23 上午10时47分56秒,5.437,93.901
08/03/23 上午11时47分56秒,5.745,95.993
08/03/23 下午12时47分56秒,6.382,91.865
08/03/23 下午01时47分56秒,7.97,81.643
08/03/23 下午02时47分56秒,8.02,80.825
08/03/23 下午03时47分56秒,8.519,77.609
08/03/23 下午04时47分56秒,8.195,81.132
08/03/23 下午05时47分56秒,8.12,79.772
08/03/23 下午06时47分56秒,7.318,87.647
08/03/23 下午07时47分56秒,7.041,89.615
08/03/23 下午08时47分56秒,5.821,88.104
08/03/23 下午09时47分56秒,4.74,92.944
08/03/23 下午10时47分56秒,4.22,95.307
08/03/23 下午11时47分56秒,3.512,93.686
08/04/23 上午12时47分56秒,3.485,95.573
08/04/23 上午01时47分56秒,3.643,95.518
08/04/23 上午02时47分56秒,4.194,96.77
08/04/23 上午03时47分56秒,3.775,100
08/04/23 上午04时47分56秒,3.485,100
08/04/23 上午05时47分56秒,3.089,97.748
08/04/23 上午06时47分56秒,2.584,96.785
08/04/23 上午07时47分56秒,3.512,93.612
08/04/23 上午08时47分56秒,4.168,92.344
08/04/23 上午09时47分56秒,4.402,97.632
08/04/23 上午10时47分56秒,5.205,94.039
08/04/23 上午11时47分56秒,6.611,95.037
08/04/23 下午12时47分56秒,7.066,85.765
08/04/23 下午01时47分56秒,7.87,79.959
08/04/23 下午02时47分56秒,7.192,81.627
08/04/23 下午03时47分56秒,7.318,81.656
08/04/23 下午04时47分56秒,7.645,83.43
08/04/23 下午05时47分56秒,7.995,85.2
08/04/23 下午06时47分56秒,6.128,86.657
08/04/23 下午07时47分56秒,6.204,93.881
08/04/23 下午08时47分56秒,5.462,92.03
08/04/23 下午09时47分56秒,5.565,91.704
08/04/23 下午10时47分56秒,5.128,92.545
08/04/23 下午11时47分56秒,5.205,99.627
08/05/23 上午12时47分56秒,4.869,96.32
08/05/23 上午01时47分56秒,4.454,97.159
08/05/23 上午02时47分56秒,4.194,98.204
08/05/23 上午03时47分56秒,4.272,100
08/05/23 上午04时47分56秒,3.985,100
08/05/23 上午05时47分56秒,4.194,100
08/05/23 上午06时47分56秒,3.854,100
08/05/23 上午07时47分56秒,3.696,100
08/05/23 上午08时47分56秒,4.506,100
08/05/23 上午09时47分56秒,5.257,100
08/05/23 上午10时47分56秒,7.569,88.588
08/05/23 上午11时47分56秒,8.916,81.16
08/05/23 下午12时47分56秒,9.015,74.086
08/05/23 下午01时47分56秒,8.469,73.864
08/05/23 下午02时47分56秒,8.891,77.852
08/05/23 下午03时47分56秒,8.568,77.702
08/05/23 下午04时47分56秒,9.015,77.142
08/05/23 下午05时47分56秒,8.394,78.018
08/05/23 下午06时47分56秒,7.242,83.944
08/05/23 下午07时47分56秒,6.839,85.71
08/05/23 下午08时47分56秒,6.56,85.67
08/05/23 下午09时47分56秒,6.128,87.149
08/05/23 下午10时47分56秒,5.924,88.361
08/05/23 下午11时47分56秒,5.693,92.266
08/06/23 上午12时47分56秒,5.719,86.946
08/06/23 上午01时47分56秒,5.282,94.333
08/06/23 上午02时47分56秒,4.454,100
08/06/23 上午03时47分56秒,4.662,95.845
08/06/23 上午04时47分56秒,4.558,91.393
08/06/23 上午05时47分56秒,3.801,100
08/06/23 上午06时47分56秒,3.722,99.852
08/06/23 上午07时47分56秒,3.564,100
08/06/23 上午08时47分56秒,3.985,100
08/06/23 上午09时47分56秒,4.999,97.384
08/06/23 上午10时47分56秒,5.616,96.746
08/06/23 上午11时47分56秒,5.642,99.291
08/06/23 下午12时47分56秒,6.585,91.614
08/06/23 下午01时47分56秒,7.569,85.676
08/06/23 下午02时47分56秒,6.661,91.482
08/06/23 下午03时47分56秒,7.72,85.45
08/06/23 下午04时47分56秒,5.154,95.042
08/06/23 下午05时47分56秒,5.488,94.686
08/06/23 下午06时47分56秒,3.67,92.811
08/06/23 下午07时47分56秒,4.402,96.754
08/06/23 下午08时47分56秒,4.063,98.264
08/06/23 下午09时47分56秒,4.011,100
08/06/23 下午10时47分56秒,3.827,100
08/06/23 下午11时47分56秒,3.932,96.502
08/07/23 上午12时47分56秒,3.722,100
08/07/23 上午01时47分56秒,3.827,96.303
08/07/23 上午02时47分56秒,3.459,100
08/07/23 上午03时47分56秒,3.221,100
08/07/23 上午04时47分56秒,3.089,99.096
08/07/23 上午05时47分56秒,3.617,96
08/07/23 上午06时47分56秒,2.877,100
08/07/23 上午07时47分56秒,2.823,100
08/07/23 上午08时47分56秒,4.141,96.022
08/07/23 上午09时47分56秒,5.334,95.041
08/07/23 上午10时47分56秒,6.484,91.993
08/07/23 上午11时47分56秒,8.319,77.13
08/07/23 下午12时47分56秒,9.657,67.177
08/07/23 下午01时47分56秒,11.759,58.83
08/07/23 下午02时47分56秒,11.029,64.4
08/07/23 下午03时47分56秒,11.565,63.038
08/07/23 下午04时47分56秒,12.074,62.949
08/07/23 下午05时47分56秒,10.81,61.858
08/07/23 下午06时47分56秒,7.419,81.732
08/07/23 下午07时47分56秒,7.167,81.861
08/07/23 下午08时47分56秒,5.642,85.684
08/07/23 下午09时47分56秒,6.026,81.097
08/07/23 下午10时47分56秒,5.488,82.983
08/07/23 下午11时47分56秒,5.334,83.419
08/08/23 上午12时47分56秒,5.77,80.135
08/08/23 上午01时47分56秒,5.308,88.617
08/08/23 上午02时47分56秒,5.05,88.655
08/08/23 上午03时47分56秒,5.024,89.541
08/08/23 上午04时47分56秒,4.194,92.251
08/08/23 上午05时47分56秒,3.564,93.329
08/08/23 上午06时47分56秒,3.801,96.88
08/08/23 上午07时47分56秒,3.88,96.219
08/08/23 上午08时47分56秒,4.558,95.473
08/08/23 上午09时47分56秒,5.179,93.658
08/08/23 上午10时47分56秒,5.77,90.594
08/08/23 上午11时47分56秒,7.343,81.848
08/08/23 下午12时47分56秒,8.245,72.376
08/08/23 下午01时47分56秒,8.519,71.09
08/08/23 下午02时47分56秒,8.965,71.513
08/08/23 下午03时47分56秒,8.717,75.405
08/08/23 下午04时47分56秒,9.188,70.771
08/08/23 下午05时47分56秒,9.361,78.553
08/08/23 下午06时47分56秒,8.668,76.849
08/08/23 下午07时47分56秒,6.56,80.365
08/08/23 下午08时47分56秒,6.077,82.01
08/08/23 下午09时47分56秒,5.488,88.637
08/08/23 下午10时47分56秒,5.437,88.445
08/08/23 下午11时47分56秒,5.411,97.962
08/09/23 上午12时47分56秒,4.869,98.54
08/09/23 上午01时47分56秒,4.662,96.973
08/09/23 上午02时47分56秒,4.74,95.276
08/09/23 上午03时47分56秒,4.921,100
08/09/23 上午04时47分56秒,4.089,97.787
08/09/23 上午05时47分56秒,4.688,100
08/09/23 上午06时47分56秒,4.714,100
08/09/23 上午07时47分56秒,4.584,100
08/09/23 上午08时47分56秒,4.869,100
08/09/23 上午09时47分56秒,5.385,91.708
08/09/23 上午10时47分56秒,7.318,86.868
08/09/23 上午11时47分56秒,8.568,82.5
08/09/23 下午12时47分56秒,4.74,91.239
08/09/23 下午01时47分56秒,7.419,84.328
08/09/23 下午02时47分56秒,10.369,73.386
08/09/23 下午03时47分56秒,10.932,64.934
08/09/23 下午04时47分56秒,9.928,72.599
08/09/23 下午05时47分56秒,8.469,71.891
08/09/23 下午06时47分56秒,8.419,77.942
08/09/23 下午07时47分56秒,7.695,83.706
08/09/23 下午08时47分56秒,7.695,84.524
08/09/23 下午09时47分56秒,6.357,83.711
08/09/23 下午10时47分56秒,6.331,84.91
08/09/23 下午11时47分56秒,6.763,82.565
08/10/23 上午12时47分56秒,5.616,88.822
08/10/23 上午01时47分56秒,5.282,88.406
08/10/23 上午02时47分56秒,5.231,96.025
08/10/23 上午03时47分56秒,4.895,91.933
08/10/23 上午04时47分56秒,5.282,96.015
08/10/23 上午05时47分56秒,4.636,93.265
08/10/23 上午06时47分56秒,5.565,87.732
08/10/23 上午07时47分56秒,5.024,97.659
08/10/23 上午08时47分56秒,5.924,86.866
08/10/23 上午09时47分56秒,5.949,97.083
08/10/23 上午10时47分56秒,6.839,84.9
08/10/23 上午11时47分56秒,7.142,83.525
08/10/23 下午12时47分56秒,8.369,77.604
08/10/23 下午01时47分56秒,9.435,79.357
08/10/23 下午02时47分56秒,7.569,92.02
08/10/23 下午03时47分56秒,7.368,87.114
08/10/23 下午04时47分56秒,8.469,77.571
08/10/23 下午05时47分56秒,7.544,91.76
08/10/23 下午06时47分56秒,8.02,86.908
08/10/23 下午07时47分56秒,7.393,83.001
08/10/23 下午08时47分56秒,6.94,93.599
08/10/23 下午09时47分56秒,6.433,95.388
08/10/23 下午10时47分56秒,5.693,93.22
08/10/23 下午11时47分56秒,5.36,93.107
08/11/23 上午12时47分56秒,5.642,98.709
08/11/23 上午01时47分56秒,4.714,94.627
08/11/23 上午02时47分56秒,4.947,99.794
08/11/23 上午03时47分56秒,4.844,98.872
08/11/23 上午04时47分56秒,4.818,99.251
08/11/23 上午05时47分56秒,4.506,99.163
08/11/23 上午06时47分56秒,4.35,97.301
08/11/23 上午07时47分56秒,4.558,100
08/11/23 上午08时47分56秒,4.376,100
08/11/23 上午09时47分56秒,5.128,100
08/11/23 上午10时47分56秒,5.282,100
08/11/23 上午11时47分56秒,5.847,98.425
08/11/23 下午12时47分56秒,7.167,93.986
08/11/23 下午01时47分56秒,7.87,88.715
08/11/23 下午02时47分56秒,7.494,83.501
08/11/23 下午03时47分56秒,7.845,88.398
08/11/23 下午04时47分56秒,9.287,81.888
08/11/23 下午05时47分56秒,8.866,79.314
08/11/23 下午06时47分56秒,7.72,86.601
08/11/23 下午07时47分56秒,6.712,88.505
08/11/23 下午08时47分56秒,5.847,97.913
08/11/23 下午09时47分56秒,5.437,98.505
08/11/23 下午10时47分56秒,4.766,96.316
08/11/23 下午11时47分56秒,5.462,100
08/12/23 上午12时47分56秒,4.662,99.4
08/12/23 上午01时47分56秒,4.766,98.51
08/12/23 上午02时47分56秒,4.921,100
08/12/23 上午03时47分56秒,4.298,100
08/12/23 上午04时47分56秒,4.766,100
08/12/23 上午05时47分56秒,4.584,100
08/12/23 上午06时47分56秒,4.454,100
08/12/23 上午07时47分56秒,4.402,100
08/12/23 上午08时47分56秒,4.869,100
08/12/23 上午09时47分56秒,5.591,100
08/12/23 上午10时47分56秒,6.408,100
08/12/23 上午11时47分56秒,7.393,99.934
08/12/23 下午12时47分56秒,8.344,90.61
08/12/23 下午01时47分56秒,10.467,80.479
08/12/23 下午02时47分56秒,11.88,63.967
08/12/23 下午03时47分56秒,10.81,65.692
08/12/23 下午04时47分56秒,10.369,70.209
08/12/23 下午05时47分56秒,12.195,68.331
08/12/23 下午06时47分56秒,8.618,72.004
08/12/23 下午07时47分56秒,8.717,83.758
08/12/23 下午08时47分56秒,5.128,90.379
08/12/23 下午09时47分56秒,5.77,92.387
08/12/23 下午10时47分56秒,5.231,98.107
08/12/23 下午11时47分56秒,4.869,98.83
08/13/23 上午12时47分56秒,4.973,98.083
08/13/23 上午01时47分56秒,4.999,99.206
08/13/23 上午02时47分56秒,4.48,100
08/13/23 上午03时47分56秒,4.61,96.273
08/13/23 上午04时47分56秒,4.454,96.622
08/13/23 上午05时47分56秒,3.932,100
08/13/23 上午06时47分56秒,4.454,100
08/13/23 上午07时47分56秒,4.454,100
08/13/23 上午08时47分56秒,4.921,100
08/13/23 上午09时47分56秒,5.385,100
08/13/23 上午10时47分56秒,6.763,98.56
08/13/23 上午11时47分56秒,8.27,89.021
08/13/23 下午12时47分56秒,9.805,79.547
08/13/23 下午01时47分56秒,9.485,73.208
08/13/23 下午02时47分56秒,7.67,86.275
08/13/23 下午03时47分56秒,7.569,85.99
08/13/23 下午04时47分56秒,8.568,85.178
08/13/23 下午05时47分56秒,6.965,83.061
08/13/23 下午06时47分56秒,6.23,89.18
08/13/23 下午07时47分56秒,6.128,86.528
08/13/23 下午08时47分56秒,6.331,89.206
08/13/23 下午09时47分56秒,6.102,88.148
08/13/23 下午10时47分56秒,5.745,98.786
08/13/23 下午11时47分56秒,5.154,97.304
08/14/23 上午12时47分56秒,5.179,93.957
08/14/23 上午01时47分56秒,5.05,99.993
08/14/23 上午02时47分56秒,4.869,100
08/14/23 上午03时47分56秒,4.61,98.297
08/14/23 上午04时47分56秒,4.766,100
08/14/23 上午05时47分56秒,4.558,100
08/14/23 上午06时47分56秒,4.168,100
08/14/23 上午07时47分56秒,4.402,100
08/14/23 上午08时47分56秒,5.257,98.746
08/14/23 上午09时47分56秒,5.847,99.058
08/14/23 上午10时47分56秒,7.845,91.735
08/14/23 上午11时47分56秒,9.78,71.729
08/14/23 下午12时47分56秒,10.075,69.247
08/14/23 下午01时47分56秒,10.687,65.439
08/14/23 下午02时47分56秒,10.98,69.617
08/14/23 下午03时47分56秒,11.248,63.188
08/14/23 下午04时47分56秒,11.419,66.464
08/14/23 下午05时47分56秒,10.98,61.3
08/14/23 下午06时47分56秒,10.394,63.71
08/14/23 下午07时47分56秒,9.706,69.856
08/14/23 下午08时47分56秒,9.213,65.952
08/14/23 下午09时47分56秒,8.519,68.84
08/14/23 下午10时47分56秒,6.23,81.727
08/14/23 下午11时47分56秒,6.204,83.043
08/15/23 上午12时47分56秒,6.128,85.67
08/15/23 上午01时47分56秒,5.514,89.639
08/15/23 上午02时47分56秒,5.949,92.358
08/15/23 上午03时47分56秒,5.205,91.611
08/15/23 上午04时47分56秒,5.334,100
08/15/23 上午05时47分56秒,5.231,99.9
08/15/23 上午06时47分56秒,5.05,100
08/15/23 上午07时47分56秒,5.024,100
08/15/23 上午08时47分56秒,5.282,97.34
08/15/23 上午09时47分56秒,5.847,96.662
08/15/23 上午10时47分56秒,7.444,87.937
08/15/23 上午11时47分56秒,7.569,80.08
08/15/23 下午12时47分56秒,9.287,74.64
08/15/23 下午01时47分56秒,10.394,72.215
08/15/23 下午02时47分56秒,8.965,74.325
08/15/23 下午03时47分56秒,7.494,83.501
08/15/23 下午04时47分56秒,6.99,92.63
08/15/23 下午05时47分56秒,8.12,84.492
08/15/23 下午06时47分56秒,8.319,79.951
08/15/23 下午07时47分56秒,7.544,85.513
08/15/23 下午08时47分56秒,7.419,81.732
08/15/23 下午09时47分56秒,6.99,86.893
08/15/23 下午10时47分56秒,6.56,85.956
08/15/23 下午11时47分56秒,5.205,89
08/16/23 上午12时47分56秒,5.642,95.891
08/16/23 上午01时47分56秒,5.282,91.228
08/16/23 上午02时47分56秒,4.999,96.232
08/16/23 上午03时47分56秒,4.61,95.142
08/16/23 上午04时47分56秒,3.985,94.972
08/16/23 上午05时47分56秒,4.402,94.543
08/16/23 上午06时47分56秒,4.558,99.515
08/16/23 上午07时47分56秒,4.402,100
08/16/23 上午08时47分56秒,4.973,98.472
08/16/23 上午09时47分56秒,5.796,97.629
08/16/23 上午10时47分56秒,6.661,93.551
08/16/23 上午11时47分56秒,8.618,86.163
08/16/23 下午12时47分56秒,9.706,71.322
08/16/23 下午01时47分56秒,10.565,65.879
08/16/23 下午02时47分56秒,11.029,68.971
08/16/23 下午03时47分56秒,11.273,61.055
08/16/23 下午04时47分56秒,11.394,61.516
08/16/23 下午05时47分56秒,11.71,54.184
08/16/23 下午06时47分56秒,11.467,56.939
08/16/23 下午07时47分56秒,9.952,60.25
08/16/23 下午08时47分56秒,7.77,75.044
08/16/23 下午09时47分56秒,7.645,78.723
08/16/23 下午10时47分56秒,7.242,80.865
08/16/23 下午11时47分56秒,7.519,82.739
08/17/23 上午12时47分56秒,6.509,86.828
08/17/23 上午01时47分56秒,5.565,88.502
08/17/23 上午02时47分56秒,5.693,88.637
08/17/23 上午03时47分56秒,5.462,88.169
08/17/23 上午04时47分56秒,5.231,89.796
08/17/23 上午05时47分56秒,5.462,84.522
08/17/23 上午06时47分56秒,4.973,88.278
08/17/23 上午07时47分56秒,5.411,86.199
08/17/23 上午08时47分56秒,5.591,91.711
08/17/23 上午09时47分56秒,6.763,86.266
08/17/23 上午10时47分56秒,8.27,73.796
08/17/23 上午11时47分56秒,9.064,64.143
08/17/23 下午12时47分56秒,9.213,61.006
08/17/23 下午01时47分56秒,9.46,60.257
08/17/23 下午02时47分56秒,9.361,55.989
08/17/23 下午03时47分56秒,10.124,49.195
08/17/23 下午04时47分56秒,10.98,49.433
08/17/23 下午05时47分56秒,11.759,51.25
08/17/23 下午06时47分56秒,10.075,56.307
08/17/23 下午07时47分56秒,9.188,59.362
08/17/23 下午08时47分56秒,8.469,62.624
08/17/23 下午09时47分56秒,8.02,68.067
08/17/23 下午10时47分56秒,7.268,76.28
08/17/23 下午11时47分56秒,5.847,83.013
08/18/23 上午12时47分56秒,6.128,86.32
08/18/23 上午01时47分56秒,5.024,86.363
08/18/23 上午02时47分56秒,5.282,92.285
08/18/23 上午03时47分56秒,4.662,90.992
08/18/23 上午04时47分56秒,5.076,93.382
08/18/23 上午05时47分56秒,4.61,97.397
08/18/23 上午06时47分56秒,3.985,93.54
08/18/23 上午07时47分56秒,4.194,99.603
08/18/23 上午08时47分56秒,4.506,98.049
08/18/23 上午09时47分56秒,6.408,89.583
08/18/23 上午10时47分56秒,8.618,76.893
08/18/23 上午11时47分56秒,10.761,62.083
08/18/23 下午12时47分56秒,11.078,62.137
08/18/23 下午01时47分56秒,11.516,62.679
08/18/23 下午02时47分56秒,12.243,58.729
08/18/23 下午03时47分56秒,9.336,72.397
08/18/23 下午04时47分56秒,5.591,87.764
08/18/23 下午05时47分56秒,6.661,88.724
08/18/23 下午06时47分56秒,5.796,95.067
08/18/23 下午07时47分56秒,4.921,90.022
08/18/23 下午08时47分56秒,4.506,94.62
08/18/23 下午09时47分56秒,4.272,98.274
08/18/23 下午10时47分56秒,4.35,100
08/18/23 下午11时47分56秒,4.324,99.52
08/19/23 上午12时47分56秒,4.141,96.877
08/19/23 上午01时47分56秒,4.376,97.137
08/19/23 上午02时47分56秒,4.194,99.025
08/19/23 上午03时47分56秒,3.88,98.406
08/19/23 上午04时47分56秒,3.827,96.4
08/19/23 上午05时47分56秒,4.141,95.997
08/19/23 上午06时47分56秒,3.88,98.212
08/19/23 上午07时47分56秒,4.141,100
08/19/23 上午08时47分56秒,4.141,100
08/19/23 上午09时47分56秒,5.437,99.427
08/19/23 上午10时47分56秒,6.484,96.985
08/19/23 上午11时47分56秒,7.544,90.893
08/19/23 下午12时47分56秒,7.72,86.287
08/19/23 下午01时47分56秒,9.435,80.98
08/19/23 下午02时47分56秒,7.293,83.269
08/19/23 下午03时47分56秒,9.46,75.918
08/19/23 下午04时47分56秒,9.262,72.578
08/19/23 下午05时47分56秒,5.591,93.218
08/19/23 下午06时47分56秒,5.745,94.805
08/19/23 下午07时47分56秒,4.999,98.479
08/19/23 下午08时47分56秒,4.895,98.62
08/19/23 下午09时47分56秒,4.973,95.857
08/19/23 下午10时47分56秒,5.05,97.325
08/19/23 下午11时47分56秒,4.532,97.034
08/20/23 上午12时47分56秒,4.376,95.177
08/20/23 上午01时47分56秒,4.766,95.431
08/20/23 上午02时47分56秒,4.818,99.203
08/20/23 上午03时47分56秒,4.792,99.509
08/20/23 上午04时47分56秒,4.298,99.681
08/20/23 上午05时47分56秒,4.688,100
08/20/23 上午06时47分56秒,4.584,100
08/20/23 上午07时47分56秒,4.324,100
08/20/23 上午08时47分56秒,3.775,98.28
08/20/23 上午09时47分56秒,4.22,99.514
08/20/23 上午10时47分56秒,5.024,100
08/20/23 上午11时47分56秒,6,95.816
08/20/23 下午12时47分56秒,6.687,95.257
08/20/23 下午01时47分56秒,7.217,96.642
08/20/23 下午02时47分56秒,8.17,91.309
08/20/23 下午03时47分56秒,10.051,77.937
08/20/23 下午04时47分56秒,10.541,78.234
08/20/23 下午05时47分56秒,9.534,77.197
08/20/23 下午06时47分56秒,7.368,86.672
08/20/23 下午07时47分56秒,7.419,91.778
08/20/23 下午08时47分56秒,6.509,92.731
08/20/23 下午09时47分56秒,6.204,91.364
08/20/23 下午10时47分56秒,5.796,97.972
08/20/23 下午11时47分56秒,5.437,96.697
08/21/23 上午12时47分56秒,5.385,99.727
08/21/23 上午01时47分56秒,5.024,97.122
08/21/23 上午02时47分56秒,5.128,90.885
08/21/23 上午03时47分56秒,3.67,95.99
08/21/23 上午04时47分56秒,3.512,97.674
08/21/23 上午05时47分56秒,3.958,98.283
08/21/23 上午06时47分56秒,3.775,98.666
08/21/23 上午07时47分56秒,4.22,96.923
08/21/23 上午08时47分56秒,4.844,96.19
08/21/23 上午09时47分56秒,5.949,87.673
08/21/23 上午10时47分56秒,7.469,88.098
08/21/23 上午11时47分56秒,8.02,85.416
08/21/23 下午12时47分56秒,9.903,69.583
08/21/23 下午01时47分56秒,9.854,64.224
08/21/23 下午02时47分56秒,10.345,59.814
08/21/23 下午03时47分56秒,11.078,51.216
08/21/23 下午04时47分56秒,10.932,68.953
08/21/23 下午05时47分56秒,9.608,72.004
08/21/23 下午06时47分56秒,9.336,75.037
08/21/23 下午07时47分56秒,7.116,83.281
08/21/23 下午08时47分56秒,4.947,90.737
08/21/23 下午09时47分56秒,4.48,90.011
08/21/23 下午10时47分56秒,4.22,89.236
08/21/23 下午11时47分56秒,4.558,91.695
08/22/23 上午12时47分56秒,3.801,98.577
08/22/23 上午01时47分56秒,3.274,100
08/22/23 上午02时47分56秒,2.877,100
08/22/23 上午03时47分56秒,1.94,96.654
08/22/23 上午04时47分56秒,0.825,99.588
08/22/23 上午05时47分56秒,0.77,100
08/22/23 上午06时47分56秒,0.632,100
08/22/23 上午07时47分56秒,1.262,100
08/22/23 上午08时47分56秒,2.047,100
08/22/23 上午09时47分56秒,2.77,98.093
08/22/23 上午10时47分56秒,4.194,96.501
08/22/23 上午11时47分56秒,6.255,92.539
08/22/23 下午12时47分56秒,7.192,88.779
08/22/23 下午01时47分56秒,7.745,83.823
08/22/23 下午02时47分56秒,6.357,84.419
08/22/23 下午03时47分56秒,5.024,93.343
08/22/23 下午04时47分56秒,6.611,89.327
08/22/23 下午05时47分56秒,7.594,87.455
08/22/23 下午06时47分56秒,5.282,91.202
08/22/23 下午07时47分56秒,5.076,86.479
08/22/23 下午08时47分56秒,3.538,93.272
08/22/23 下午09时47分56秒,3.142,95.919
08/22/23 下午10时47分56秒,3.696,95.949
08/22/23 下午11时47分56秒,3.485,96.793
08/23/23 上午12时47分56秒,3.564,99.471
08/23/23 上午01时47分56秒,3.248,100
08/23/23 上午02时47分56秒,3.301,100
08/23/23 上午03时47分56秒,3.301,99.683
08/23/23 上午04时47分56秒,2.956,100
08/23/23 上午05时47分56秒,2.61,98.911
08/23/23 上午06时47分56秒,2.343,100
08/23/23 上午07时47分56秒,2.477,100
08/23/23 上午08时47分56秒,2.396,95.957
08/23/23 上午09时47分56秒,3.932,96.844
08/23/23 上午10时47分56秒,4.973,92.304
08/23/23 上午11时47分56秒,7.97,76.155
08/23/23 下午12时47分56秒,9.114,69.546
08/23/23 下午01时47分56秒,9.706,67.642
08/23/23 下午02时47分56秒,8.941,65.988
08/23/23 下午03时47分56秒,9.361,71.871
08/23/23 下午04时47分56秒,9.238,64.433
08/23/23 下午05时47分56秒,7.72,71.687
08/23/23 下午06时47分56秒,6.179,81.636
08/23/23 下午07时47分56秒,5.385,82.274
08/23/23 下午08时47分56秒,5.437,79.847
08/23/23 下午09时47分56秒,4.402,88.264
08/23/23 下午10时47分56秒,2.983,91.26
08/23/23 下午11时47分56秒,2.182,95.509
08/24/23 上午12时47分56秒,1.697,98.412
08/24/23 上午01时47分56秒,2.289,96.267
08/24/23 上午02时47分56秒,1.994,99.165
08/24/23 上午03时47分56秒,2.155,99.616
08/24/23 上午04时47分56秒,1.967,100
08/24/23 上午05时47分56秒,2.182,100
08/24/23 上午06时47分56秒,1.805,100
08/24/23 上午07时47分56秒,2.209,100
08/24/23 上午08时47分56秒,2.637,100
08/24/23 上午09时47分56秒,2.877,100
08/24/23 上午10时47分56秒,3.775,98.666
08/24/23 上午11时47分56秒,5.36,80.203
08/24/23 下午12时47分56秒,4.818,88.827
08/24/23 下午01时47分56秒,4.869,86.429
08/24/23 下午02时47分56秒,4.818,89.488
08/24/23 下午03时47分56秒,5.437,80.433
08/24/23 下午04时47分56秒,4.766,87.048
08/24/23 下午05时47分56秒,4.402,94.567
08/24/23 下午06时47分56秒,4.35,99.022
08/24/23 下午07时47分56秒,3.775,99.243
08/24/23 下午08时47分56秒,3.38,100
08/24/23 下午09时47分56秒,3.089,100
08/24/23 下午10时47分56秒,3.063,100
08/24/23 下午11时47分56秒,2.877,100
08/25/23 上午12时47分56秒,2.664,100
08/25/23 上午01时47分56秒,2.503,100
08/25/23 上午02时47分56秒,2.155,100
08/25/23 上午03时47分56秒,2.61,100
08/25/23 上午04时47分56秒,2.53,100
08/25/23 上午05时47分56秒,2.557,100
08/25/23 上午06时47分56秒,2.37,100
08/25/23 上午07时47分56秒,2.128,100
08/25/23 上午08时47分56秒,2.101,100
08/25/23 上午09时47分56秒,2.101,100
08/25/23 上午10时47分56秒,2.877,100
08/25/23 上午11时47分56秒,4.011,98.588
08/25/23 下午12时47分56秒,4.662,88.226
08/25/23 下午01时47分56秒,4.818,89.59
08/25/23 下午02时47分56秒,4.895,85.97
08/25/23 下午03时47分56秒,4.22,91.607
08/25/23 下午04时47分56秒,4.818,95.05
08/25/23 下午05时47分56秒,5.437,92.877
08/25/23 下午06时47分56秒,5.179,83.907
08/25/23 下午07时47分56秒,4.895,83.788
08/25/23 下午08时47分56秒,3.985,92.645
08/25/23 下午09时47分56秒,3.564,98.051
08/25/23 下午10时47分56秒,3.485,96.987
08/25/23 下午11时47分56秒,3.063,100
08/26/23 上午12时47分56秒,3.009,100
08/26/23 上午01时47分56秒,3.274,98.331
08/26/23 上午02时47分56秒,3.036,98.649
08/26/23 上午03时47分56秒,3.485,93.654
08/26/23 上午04时47分56秒,3.485,94.099
08/26/23 上午05时47分56秒,2.823,98.972
08/26/23 上午06时47分56秒,2.877,98.699
08/26/23 上午07时47分56秒,2.61,100
08/26/23 上午08时47分56秒,2.717,100
08/26/23 上午09时47分56秒,3.406,100
08/26/23 上午10时47分56秒,3.643,98.001
08/26/23 上午11时47分56秒,4.558,99.081
08/26/23 下午12时47分56秒,5.179,88.662
08/26/23 下午01时47分56秒,6.102,82.492
08/26/23 下午02时47分56秒,5.949,85.654
08/26/23 下午03时47分56秒,5.949,96.69
08/26/23 下午04时47分56秒,7.419,82.317
08/26/23 下午05时47分56秒,6.661,81.932
08/26/23 下午06时47分56秒,6.051,88.315
08/26/23 下午07时47分56秒,5.024,95.6
08/26/23 下午08时47分56秒,4.141,99.636
08/26/23 下午09时47分56秒,3.854,100
08/26/23 下午10时47分56秒,3.643,100
08/26/23 下午11时47分56秒,3.248,100
08/27/23 上午12时47分56秒,3.116,100
08/27/23 上午01时47分56秒,3.009,100
08/27/23 上午02时47分56秒,2.717,100
08/27/23 上午03时47分56秒,2.93,100
08/27/23 上午04时47分56秒,2.664,100
08/27/23 上午05时47分56秒,2.717,100
08/27/23 上午06时47分56秒,2.69,100
08/27/23 上午07时47分56秒,2.823,100
08/27/23 上午08时47分56秒,3.036,100
08/27/23 上午09时47分56秒,3.406,100
08/27/23 上午10时47分56秒,4.011,100
08/27/23 上午11时47分56秒,4.376,94.585
08/27/23 下午12时47分56秒,4.558,92.646
08/27/23 下午01时47分56秒,4.115,92.555
08/27/23 下午02时47分56秒,3.406,97.426
08/27/23 下午03时47分56秒,3.009,100
08/27/23 下午04时47分56秒,2.53,99.605
08/27/23 下午05时47分56秒,3.591,97.599
08/27/23 下午06时47分56秒,3.274,100
08/27/23 下午07时47分56秒,3.168,100
08/27/23 下午08时47分56秒,2.877,100
08/27/23 下午09时47分56秒,2.343,100
08/27/23 下午10时47分56秒,2.45,100
08/27/23 下午11时47分56秒,2.343,100
08/28/23 上午12时47分56秒,2.209,100
08/28/23 上午01时47分56秒,2.289,100
08/28/23 上午02时47分56秒,2.503,100
08/28/23 上午03时47分56秒,2.53,100
08/28/23 上午04时47分56秒,2.021,100
08/28/23 上午05时47分56秒,1.534,100
08/28/23 上午06时47分56秒,0.163,100
08/28/23 上午07时47分56秒,0.742,100
08/28/23 上午08时47分56秒,1.425,100
08/28/23 上午09时47分56秒,1.751,100
08/28/23 上午10时47分56秒,2.744,100
08/28/23 上午11时47分56秒,4.272,100
08/28/23 下午12时47分56秒,4.921,97.923
08/28/23 下午01时47分56秒,5.693,85.67
08/28/23 下午02时47分56秒,5.924,86.996
08/28/23 下午03时47分56秒,6.864,87.095
08/28/23 下午04时47分56秒,7.393,76.661
08/28/23 下午05时47分56秒,6.788,82.809
08/28/23 下午06时47分56秒,5.539,87.675
08/28/23 下午07时47分56秒,5.385,84.894
08/28/23 下午08时47分56秒,4.636,92.766
08/28/23 下午09时47分56秒,4.194,95.226
08/28/23 下午10时47分56秒,3.512,99.672
08/28/23 下午11时47分56秒,3.301,99.204
08/29/23 上午12时47分56秒,2.77,100
08/29/23 上午01时47分56秒,2.93,100
08/29/23 上午02时47分56秒,2.877,98.075
08/29/23 上午03时47分56秒,2.557,100
08/29/23 上午04时47分56秒,2.61,100
08/29/23 上午05时47分56秒,2.61,100
08/29/23 上午06时47分56秒,2.37,100
08/29/23 上午07时47分56秒,2.61,100
08/29/23 上午08时47分56秒,2.797,100
08/29/23 上午09时47分56秒,3.67,99.261
08/29/23 上午10时47分56秒,4.506,97.612
08/29/23 上午11时47分56秒,6,85.562
08/29/23 下午12时47分56秒,7.368,75.564
08/29/23 下午01时47分56秒,7.895,74.575
08/29/23 下午02时47分56秒,7.619,71.026
08/29/23 下午03时47分56秒,8.145,70.653
08/29/23 下午04时47分56秒,8.22,71.758
08/29/23 下午05时47分56秒,7.895,70.437
08/29/23 下午06时47分56秒,7.217,75.039
08/29/23 下午07时47分56秒,6.611,79.439
08/29/23 下午08时47分56秒,5.821,81.661
08/29/23 下午09时47分56秒,5.282,83.957
08/29/23 下午10时47分56秒,5.128,84.156
08/29/23 下午11时47分56秒,4.895,85.919
08/30/23 上午12时47分56秒,3.985,94.331
08/30/23 上午01时47分56秒,3.854,95.527
08/30/23 上午02时47分56秒,3.538,95.93
08/30/23 上午03时47分56秒,2.877,99.704
08/30/23 上午04时47分56秒,2.396,100
08/30/23 上午05时47分56秒,2.343,100
08/30/23 上午06时47分56秒,2.155,100
08/30/23 上午07时47分56秒,2.209,100
08/30/23 上午08时47分56秒,2.557,100
08/30/23 上午09时47分56秒,3.38,96.179
08/30/23 上午10时47分56秒,4.61,88.29
08/30/23 上午11时47分56秒,6.357,75.462
08/30/23 下午12时47分56秒,7.519,69.326
08/30/23 下午01时47分56秒,9.262,64.61
08/30/23 下午02时47分56秒,7.619,73.194
08/30/23 下午03时47分56秒,9.015,66.631
08/30/23 下午04时47分56秒,8.767,70.353
08/30/23 下午05时47分56秒,7.995,70.68
08/30/23 下午06时47分56秒,8.22,69.798
08/30/23 下午07时47分56秒,7.67,72.372
08/30/23 下午08时47分56秒,6.763,76.147
08/30/23 下午09时47分56秒,6.281,78.534
08/30/23 下午10时47分56秒,6,84.623
08/30/23 下午11时47分56秒,4.869,91.725
08/31/23 上午12时47分56秒,4.22,96.704
08/31/23 上午01时47分56秒,4.324,94.076
08/31/23 上午02时47分56秒,4.895,88.259
08/31/23 上午03时47分56秒,4.324,92.884
08/31/23 上午04时47分56秒,3.538,99.224
08/31/23 上午05时47分56秒,3.775,95.799
08/31/23 上午06时47分56秒,3.617,95.462
08/31/23 上午07时47分56秒,3.248,99.476
08/31/23 上午08时47分56秒,4.141,93.035
08/31/23 上午09时47分56秒,5.102,90.929
08/31/23 上午10时47分56秒,6.281,66.444
08/31/23 上午11时47分56秒,7.795,63.461
08/31/23 下午12时47分56秒,8.618,59.972
08/31/23 下午01时47分56秒,7.469,72.942
08/31/23 下午02时47分56秒,7.242,82.807
08/31/23 下午03时47分56秒,7.066,79.62
08/31/23 下午04时47分56秒,7.77,78.046
08/31/23 下午05时47分56秒,7.745,75.56
08/31/23 下午06时47分56秒,7.82,70.506
08/31/23 下午07时47分56秒,7.066,74.157
08/31/23 下午08时47分56秒,6.56,76.811
08/31/23 下午09时47分56秒,5.847,81.534
08/31/23 下午10时47分56秒,5.257,88.681
08/31/23 下午11时47分56秒,4.662,94.117
09/01/23 上午12时47分56秒,4.141,98.141
09/01/23 上午01时47分56秒,4.298,93.573
09/01/23 上午02时47分56秒,3.485,97.618
09/01/23 上午03时47分56秒,2.956,99.823
09/01/23 上午04时47分56秒,2.797,92.63
09/01/23 上午05时47分56秒,2.236,93.517
09/01/23 上午06时47分56秒,2.316,98.492
09/01/23 上午07时47分56秒,1.913,100
09/01/23 上午08时47分56秒,2.316,96.226
09/01/23 上午09时47分56秒,3.142,100
09/01/23 上午10时47分56秒,4.636,88.22
09/01/23 上午11时47分56秒,5.308,78.483
09/01/23 下午12时47分56秒,7.87,57.534
09/01/23 下午01时47分56秒,7.845,57.677
09/01/23 下午02时47分56秒,8.095,55.321
09/01/23 下午03时47分56秒,9.015,59.246
09/01/23 下午04时47分56秒,8.742,59.759
09/01/23 下午05时47分56秒,7.041,64.79
09/01/23 下午06时47分56秒,7.67,56.795
09/01/23 下午07时47分56秒,7.519,55.708
09/01/23 下午08时47分56秒,6.408,69.618
09/01/23 下午09时47分56秒,5.385,73.622
09/01/23 下午10时47分56秒,5.334,58.039
09/01/23 下午11时47分56秒,4.766,59.515
09/02/23 上午12时47分56秒,4.272,53.563
09/02/23 上午01时47分56秒,3.932,47.097
09/02/23 上午02时47分56秒,3.406,47.269
09/02/23 上午03时47分56秒,2.744,45.009
09/02/23 上午04时47分56秒,2.343,43.685
09/02/23 上午05时47分56秒,2.477,40.153
09/02/23 上午06时47分56秒,1.044,58.387
09/02/23 上午07时47分56秒,1.208,49.483
09/02/23 上午08时47分56秒,0.66,55.385
09/02/23 上午09时47分56秒,3.38,41.917
09/02/23 上午10时47分56秒,5.334,36.545
09/02/23 上午11时47分56秒,7.268,34.21
09/02/23 下午12时47分56秒,9.312,27.034
09/02/23 下午01时47分56秒,9.608,22.377
09/02/23 下午02时47分56秒,9.262,24.601
09/02/23 下午03时47分56秒,10.687,25.035
09/02/23 下午04时47分56秒,10.883,26.302
09/02/23 下午05时47分56秒,10.026,26.237
09/02/23 下午06时47分56秒,9.089,26.329
09/02/23 下午07时47分56秒,8.369,24.141
09/02/23 下午08时47分56秒,7.619,28.46
09/02/23 下午09时47分56秒,5.591,46.434
09/02/23 下午10时47分56秒,4.141,55.075
09/02/23 下午11时47分56秒,4.48,51.638
09/03/23 上午12时47分56秒,2.503,61.916
09/03/23 上午01时47分56秒,3.009,55.924
09/03/23 上午02时47分56秒,1.697,66.052
09/03/23 上午03时47分56秒,0.934,72.442
09/03/23 上午04时47分56秒,0.66,73.761
09/03/23 上午05时47分56秒,0.412,74.942
09/03/23 上午06时47分56秒,0.19,78.154
09/03/23 上午07时47分56秒,-0.227,78.665
09/03/23 上午08时47分56秒,-0.116,83.406
09/03/23 上午09时47分56秒,2.45,73.917
09/03/23 上午10时47分56秒,4.636,73.414
09/03/23 上午11时47分56秒,8.12,56.451
09/03/23 下午12时47分56秒,10.492,44.436
09/03/23 下午01时47分56秒,9.46,46.41
09/03/23 下午02时47分56秒,8.767,47.64
09/03/23 下午03时47分56秒,9.163,50.221
09/03/23 下午04时47分56秒,4.792,75.623
09/03/23 下午05时47分56秒,5.514,66.304
09/03/23 下午06时47分56秒,5.539,67.576
09/03/23 下午07时47分56秒,5.949,64.767
09/03/23 下午08时47分56秒,4.636,74.559
09/03/23 下午09时47分56秒,4.428,76.734
09/03/23 下午10时47分56秒,3.591,81.705
09/03/23 下午11时47分56秒,3.195,84.322
09/04/23 上午12时47分56秒,3.248,85.212
09/04/23 上午01时47分56秒,3.142,88.204
09/04/23 上午02时47分56秒,2.744,89.871
09/04/23 上午03时47分56秒,2.61,89.384
09/04/23 上午04时47分56秒,2.262,92.315
09/04/23 上午05时47分56秒,1.317,97.634
09/04/23 上午06时47分56秒,0.632,98.775
09/04/23 上午07时47分56秒,0.079,100
09/04/23 上午08时47分56秒,0.55,100
09/04/23 上午09时47分56秒,1.778,100
09/04/23 上午10时47分56秒,3.433,97.409
09/04/23 上午11时47分56秒,4.818,79.39
09/04/23 下午12时47分56秒,4.558,74.76
09/04/23 下午01时47分56秒,6.636,73.767
09/04/23 下午02时47分56秒,8.916,68.263
09/04/23 下午03时47分56秒,6.965,74.164
09/04/23 下午04时47分56秒,6.864,70.321
09/04/23 下午05时47分56秒,9.583,58.984
09/04/23 下午06时47分56秒,7.268,65.943
09/04/23 下午07时47分56秒,5.949,70.894
09/04/23 下午08时47分56秒,5.102,74.438
09/04/23 下午09时47分56秒,4.246,79.954
09/04/23 下午10时47分56秒,3.749,82.997
09/04/23 下午11时47分56秒,2.956,83.02
09/05/23 上午12时47分56秒,2.61,84.801
09/05/23 上午01时47分56秒,1.751,87.198
09/05/23 上午02时47分56秒,1.994,85.807
09/05/23 上午03时47分56秒,2.021,88.227
09/05/23 上午04时47分56秒,0.852,89.712
09/05/23 上午05时47分56秒,0.495,88.847
09/05/23 上午06时47分56秒,0.273,91.125
09/05/23 上午07时47分56秒,0.329,90.744
09/05/23 上午08时47分56秒,0.384,88.644
09/05/23 上午09时47分56秒,2.155,87.044
09/05/23 上午10时47分56秒,4.714,77.414
09/05/23 上午11时47分56秒,6.965,61.732
09/05/23 下午12时47分56秒,8.469,53.109
09/05/23 下午01时47分56秒,9.977,45.705
09/05/23 下午02时47分56秒,9.386,45.908
09/05/23 下午03时47分56秒,9.213,51.016
09/05/23 下午04时47分56秒,9.756,54.916
09/05/23 下午05时47分56秒,8.941,52.637
09/05/23 下午06时47分56秒,8.519,56.691
09/05/23 下午07时47分56秒,7.82,58.114
09/05/23 下午08时47分56秒,7.318,59.176
09/05/23 下午09时47分56秒,6.636,64.518
09/05/23 下午10时47分56秒,5.462,75.003
09/05/23 下午11时47分56秒,4.792,81.4
09/06/23 上午12时47分56秒,4.037,83.612
09/06/23 上午01时47分56秒,2.956,90.503
09/06/23 上午02时47分56秒,2.903,83.372
09/06/23 上午03时47分56秒,2.983,83.338
09/06/23 上午04时47分56秒,2.209,83.053
09/06/23 上午05时47分56秒,2.155,86.459
09/06/23 上午06时47分56秒,2.128,81.055
09/06/23 上午07时47分56秒,2.45,87.904
09/06/23 上午08时47分56秒,2.128,93.832
09/06/23 上午09时47分56秒,3.036,86.035
09/06/23 上午10时47分56秒,4.428,77.406
09/06/23 上午11时47分56秒,5.847,72.23
09/06/23 下午12时47分56秒,7.015,67.908
09/06/23 下午01时47分56秒,7.72,61.86
09/06/23 下午02时47分56秒,7.217,70.92
09/06/23 下午03时47分56秒,4.194,85.491
09/06/23 下午04时47分56秒,6.636,74.344
09/06/23 下午05时47分56秒,7.192,66.242
09/06/23 下午06时47分56秒,7.569,69.42
09/06/23 下午07时47分56秒,4.973,81.468
09/06/23 下午08时47分56秒,4.089,78.59
09/06/23 下午09时47分56秒,4.48,83.481
09/06/23 下午10时47分56秒,2.209,91.954
09/06/23 下午11时47分56秒,1.994,95.409
09/07/23 上午12时47分56秒,2.262,93.721
09/07/23 上午01时47分56秒,2.584,93.191
09/07/23 上午02时47分56秒,2.396,96.636
09/07/23 上午03时47分56秒,2.503,93.761
09/07/23 上午04时47分56秒,2.262,94.702
09/07/23 上午05时47分56秒,2.316,93.49
09/07/23 上午06时47分56秒,1.805,96.762
09/07/23 上午07时47分56秒,1.425,96.993
09/07/23 上午08时47分56秒,1.453,96.808
09/07/23 上午09时47分56秒,3.089,93.598
09/07/23 上午10时47分56秒,4.402,79.617
09/07/23 上午11时47分56秒,5.616,81.296
09/07/23 下午12时47分56秒,7.116,65.488
09/07/23 下午01时47分56秒,8.095,64.806
09/07/23 下午02时47分56秒,8.17,67.245
09/07/23 下午03时47分56秒,6.408,74.954
09/07/23 下午04时47分56秒,7.393,71.149
09/07/23 下午05时47分56秒,7.116,67.588
09/07/23 下午06时47分56秒,6.737,71.605
09/07/23 下午07时47分56秒,5.949,71.753
09/07/23 下午08时47分56秒,5.076,77.492
09/07/23 下午09时47分56秒,4.766,79.937
09/07/23 下午10时47分56秒,3.932,84.652
09/07/23 下午11时47分56秒,4.454,81.56
09/08/23 上午12时47分56秒,4.22,84.747
09/08/23 上午01时47分56秒,4.141,83.141
09/08/23 上午02时47分56秒,2.85,94.371
09/08/23 上午03时47分56秒,2.903,96.947
09/08/23 上午04时47分56秒,2.45,97.473
09/08/23 上午05时47分56秒,1.913,98.569
09/08/23 上午06时47分56秒,2.021,100
09/08/23 上午07时47分56秒,1.913,100
09/08/23 上午08时47分56秒,1.94,100
09/08/23 上午09时47分56秒,2.877,100
09/08/23 上午10时47分56秒,3.643,96.812
09/08/23 上午11时47分56秒,5.076,83.202
09/08/23 下午12时47分56秒,6.763,73.38
09/08/23 下午01时47分56秒,7.242,69.498
09/08/23 下午02时47分56秒,8.17,62.833
09/08/23 下午03时47分56秒,9.756,58.097
09/08/23 下午04时47分56秒,9.534,60.679
09/08/23 下午05时47分56秒,7.242,71.176
09/08/23 下午06时47分56秒,7.015,71.993
09/08/23 下午07时47分56秒,6.864,72.876
09/08/23 下午08时47分56秒,6.204,74.611
09/08/23 下午09时47分56秒,4.973,86.403
09/08/23 下午10时47分56秒,5.102,84.228
09/08/23 下午11时47分56秒,4.74,86.81
09/09/23 上午12时47分56秒,4.402,88.723
09/09/23 上午01时47分56秒,3.722,94.828
09/09/23 上午02时47分56秒,3.67,94.099
09/09/23 上午03时47分56秒,3.749,90.178
09/09/23 上午04时47分56秒,2.744,99.045
09/09/23 上午05时47分56秒,3.195,96.323
09/09/23 上午06时47分56秒,2.797,96.553
09/09/23 上午07时47分56秒,2.557,99.374
09/09/23 上午08时47分56秒,3.195,97.004
09/09/23 上午09时47分56秒,4.766,89.678
09/09/23 上午10时47分56秒,7.217,74.985
09/09/23 上午11时47分56秒,9.312,63.377
09/09/23 下午12时47分56秒,8.02,70.489
09/09/23 下午01时47分56秒,8.02,67.132
09/09/23 下午02时47分56秒,6.661,80.441
09/09/23 下午03时47分56秒,6.585,75.482
09/09/23 下午04时47分56秒,8.319,68.067
09/09/23 下午05时47分56秒,8.07,74.996
09/09/23 下午06时47分56秒,7.419,75.246
09/09/23 下午07时47分56秒,6.914,77.645
09/09/23 下午08时47分56秒,6,80.346
09/09/23 下午09时47分56秒,6.408,77.807
09/09/23 下午10时47分56秒,5.282,82.356
09/09/23 下午11时47分56秒,4.61,86.778
09/10/23 上午12时47分56秒,5.642,81.09
09/10/23 上午01时47分56秒,4.662,89.398
09/10/23 上午02时47分56秒,4.35,90.836
09/10/23 上午03时47分56秒,3.538,96.662
09/10/23 上午04时47分56秒,3.617,95.511
09/10/23 上午05时47分56秒,3.406,96.333
09/10/23 上午06时47分56秒,3.354,97.484
09/10/23 上午07时47分56秒,3.354,94.924
09/10/23 上午08时47分56秒,3.485,93.605
09/10/23 上午09时47分56秒,4.688,88.896
09/10/23 上午10时47分56秒,6.914,70.414
09/10/23 上午11时47分56秒,6.408,78.13
09/10/23 下午12时47分56秒,7.242,72.371
09/10/23 下午01时47分56秒,7.795,70.753
09/10/23 下午02时47分56秒,7.293,76.667
09/10/23 下午03时47分56秒,7.419,77.998
09/10/23 下午04时47分56秒,7.343,74.736
09/10/23 下午05时47分56秒,7.419,74.614
09/10/23 下午06时47分56秒,7.015,73.127
09/10/23 下午07时47分56秒,6.281,75.991
09/10/23 下午08时47分56秒,5.898,77.751
09/10/23 下午09时47分56秒,5.205,83.337
09/10/23 下午10时47分56秒,5.462,83.344
09/10/23 下午11时47分56秒,5.231,82.66
09/11/23 上午12时47分56秒,4.584,86.669
09/11/23 上午01时47分56秒,4.688,86.9
09/11/23 上午02时47分56秒,4.558,84.125
09/11/23 上午03时47分56秒,4.22,87.912
09/11/23 上午04时47分56秒,3.591,86.76
09/11/23 上午05时47分56秒,3.827,89.339
09/11/23 上午06时47分56秒,3.195,94.267
09/11/23 上午07时47分56秒,2.93,90.671
09/11/23 上午08时47分56秒,3.036,92.99
09/11/23 上午09时47分56秒,4.298,84.324
09/11/23 上午10时47分56秒,6.712,66.608
09/11/23 上午11时47分56秒,6.331,70.246
09/11/23 下午12时47分56秒,7.67,70.225
09/11/23 下午01时47分56秒,6.535,76.534
09/11/23 下午02时47分56秒,7.142,73.429
09/11/23 下午03时47分56秒,9.015,64.538
09/11/23 下午04时47分56秒,9.509,65.028
09/11/23 下午05时47分56秒,7.242,74.661
09/11/23 下午06时47分56秒,6.636,74.59
09/11/23 下午07时47分56秒,5.796,80.141
09/11/23 下午08时47分56秒,5.898,72.929
09/11/23 下午09时47分56秒,5.565,75.079
09/11/23 下午10时47分56秒,4.973,78.061
09/11/23 下午11时47分56秒,4.246,81.276
09/12/23 上午12时47分56秒,3.142,90.851
09/12/23 上午01时47分56秒,3.38,87.678
09/12/23 上午02时47分56秒,3.274,91.661
09/12/23 上午03时47分56秒,2.877,95.138
09/12/23 上午04时47分56秒,2.61,97.228
09/12/23 上午05时47分56秒,2.316,98.947
09/12/23 上午06时47分56秒,0.66,99.114
09/12/23 上午07时47分56秒,-0.004,100
09/12/23 上午08时47分56秒,0.079,100
09/12/23 上午09时47分56秒,0.467,100
09/12/23 上午10时47分56秒,2.021,95.416
09/12/23 上午11时47分56秒,3.459,81.438
09/12/23 下午12时47分56秒,3.433,87.36
09/12/23 下午01时47分56秒,4.037,86.432
09/12/23 下午02时47分56秒,2.128,98.582
09/12/23 下午03时47分56秒,2.664,100
09/12/23 下午04时47分56秒,3.063,98.488
09/12/23 下午05时47分56秒,2.396,99.376
09/12/23 下午06时47分56秒,2.047,100
09/12/23 下午07时47分56秒,2.047,100
09/12/23 下午08时47分56秒,1.317,100
09/12/23 下午09时47分56秒,1.099,100
09/12/23 下午10时47分56秒,1.317,100
09/12/23 下午11时47分56秒,1.071,100
09/13/23 上午12时47分56秒,0.989,99.635
09/13/23 上午01时47分56秒,0.962,98.108
09/13/23 上午02时47分56秒,0.273,90.433
09/13/23 上午03时47分56秒,-0.116,90.752
09/13/23 上午04时47分56秒,-0.116,83.227
09/13/23 上午05时47分56秒,-0.367,80.174
09/13/23 上午06时47分56秒,-0.732,93.064
09/13/23 上午07时47分56秒,-0.902,91.799
09/13/23 上午08时47分56秒,-0.451,75.452
09/13/23 上午09时47分56秒,2.236,62.919
09/13/23 上午10时47分56秒,4.037,54.383
09/13/23 上午11时47分56秒,5.872,48.018
09/13/23 下午12时47分56秒,6.56,35.662
09/13/23 下午01时47分56秒,7.645,39.175
09/13/23 下午02时47分56秒,8.17,32.378
09/13/23 下午03时47分56秒,8.519,29.831
09/13/23 下午04时47分56秒,8.22,37.475
09/13/23 下午05时47分56秒,7.995,36.472
09/13/23 下午06时47分56秒,7.67,32.524
09/13/23 下午07时47分56秒,6.864,46.415
09/13/23 下午08时47分56秒,4.818,61.31
09/13/23 下午09时47分56秒,3.696,61.75
09/13/23 下午10时47分56秒,3.221,60.037
09/13/23 下午11时47分56秒,2.717,63.992
09/14/23 上午12时47分56秒,1.561,72.57
09/14/23 上午01时47分56秒,1.208,72.227
09/14/23 上午02时47分56秒,1.18,73.735
09/14/23 上午03时47分56秒,0.577,76.017
09/14/23 上午04时47分56秒,-0.088,82.05
09/14/23 上午05时47分56秒,-0.395,81.566
09/14/23 上午06时47分56秒,-0.507,84.869
09/14/23 上午07时47分56秒,-0.676,88.25
09/14/23 上午08时47分56秒,-0.845,90.685
09/14/23 上午09时47分56秒,2.637,82.582
09/14/23 上午10时47分56秒,4.636,69.723
09/14/23 上午11时47分56秒,6.153,68.084
09/14/23 下午12时47分56秒,9.632,39.267
09/14/23 下午01时47分56秒,8.693,48.942
09/14/23 下午02时47分56秒,8.965,45.701
09/14/23 下午03时47分56秒,9.854,41.835
09/14/23 下午04时47分56秒,9.805,45.219
09/14/23 下午05时47分56秒,9.805,43.109
09/14/23 下午06时47分56秒,8.891,48.572
09/14/23 下午07时47分56秒,7.015,60.001
09/14/23 下午08时47分56秒,6.357,69.832
09/14/23 下午09时47分56秒,6.23,64.532
09/14/23 下午10时47分56秒,5.539,72.94
09/14/23 下午11时47分56秒,4.454,78.777
09/15/23 上午12时47分56秒,2.93,82.154
09/15/23 上午01时47分56秒,2.343,85.097
09/15/23 上午02时47分56秒,2.074,82.97
09/15/23 上午03时47分56秒,1.453,85.19
09/15/23 上午04时47分56秒,0.88,88.995
09/15/23 上午05时47分56秒,1.126,91.051
09/15/23 上午06时47分56秒,2.074,83.9
09/15/23 上午07时47分56秒,0.66,87.986
09/15/23 上午08时47分56秒,0.715,90.746
09/15/23 上午09时47分56秒,2.956,82.578
09/15/23 上午10时47分56秒,6.306,66.817
09/15/23 上午11时47分56秒,7.519,61.652
09/15/23 下午12时47分56秒,9.287,54.277
09/15/23 下午01时47分56秒,10.296,42.262
09/15/23 下午02时47分56秒,11.224,42.934
09/15/23 下午03时47分56秒,10.296,42.855
09/15/23 下午04时47分56秒,9.952,44.401
09/15/23 下午05时47分56秒,9.435,47.144
09/15/23 下午06时47分56秒,3.696,83.35
09/15/23 下午07时47分56秒,4.35,82.089
09/15/23 下午08时47分56秒,4.947,73.423
09/15/23 下午09时47分56秒,3.591,79.622
09/15/23 下午10时47分56秒,3.512,80.45
09/15/23 下午11时47分56秒,3.327,81.801
09/16/23 上午12时47分56秒,2.69,90.033
09/16/23 上午01时47分56秒,2.289,90.756
09/16/23 上午02时47分56秒,0.329,98.522
09/16/23 上午03时47分56秒,0.825,95.306
09/16/23 上午04时47分56秒,0.88,90.292
09/16/23 上午05时47分56秒,-0.704,100
09/16/23 上午06时47分56秒,0.329,99.444
09/16/23 上午07时47分56秒,-0.255,100
09/16/23 上午08时47分56秒,0.024,93.851
09/16/23 上午09时47分56秒,1.751,92.056
09/16/23 上午10时47分56秒,3.827,83.849
09/16/23 上午11时47分56秒,6.026,72.321
09/16/23 下午12时47分56秒,7.419,70.68
09/16/23 下午01时47分56秒,7.091,64.256
09/16/23 下午02时47分56秒,7.444,63.112
09/16/23 下午03时47分56秒,7.494,61.793
09/16/23 下午04时47分56秒,7.091,62.734
09/16/23 下午05时47分56秒,6.56,66.013
09/16/23 下午06时47分56秒,5.154,76.079
09/16/23 下午07时47分56秒,4.454,79.894
09/16/23 下午08时47分56秒,3.932,81.835
09/16/23 下午09时47分56秒,3.696,80.413
09/16/23 下午10时47分56秒,3.88,76.617
09/16/23 下午11时47分56秒,3.591,79.913
09/17/23 上午12时47分56秒,3.459,82.46
09/17/23 上午01时47分56秒,2.744,88.459
09/17/23 上午02时47分56秒,2.343,92.336
09/17/23 上午03时47分56秒,1.643,98.54
09/17/23 上午04时47分56秒,1.697,98.865
09/17/23 上午05时47分56秒,2.503,82.29
09/17/23 上午06时47分56秒,1.235,94.618
09/17/23 上午07时47分56秒,0.687,94.031
09/17/23 上午08时47分56秒,0.797,96.769
09/17/23 上午09时47分56秒,2.074,92.661
09/17/23 上午10时47分56秒,4.324,75.687
09/17/23 上午11时47分56秒,5.847,68.532
09/17/23 下午12时47分56秒,6.914,66.532
09/17/23 下午01时47分56秒,6.077,67.169
09/17/23 下午02时47分56秒,6.712,65.729
09/17/23 下午03时47分56秒,8.469,56.713
09/17/23 下午04时47分56秒,7.92,58.277
09/17/23 下午05时47分56秒,7.142,60.893
09/17/23 下午06时47分56秒,6.712,64.675
09/17/23 下午07时47分56秒,5.36,73.041
09/17/23 下午08时47分56秒,4.792,71.882
09/17/23 下午09时47分56秒,4.61,75.747
09/17/23 下午10时47分56秒,3.354,82.67
09/17/23 下午11时47分56秒,2.343,88.535
09/18/23 上午12时47分56秒,2.128,88.935
09/18/23 上午01时47分56秒,2.584,86.436
09/18/23 上午02时47分56秒,2.557,85.765
09/18/23 上午03时47分56秒,2.047,86.305
09/18/23 上午04时47分56秒,1.561,84.447
09/18/23 上午05时47分56秒,0.329,96.35
09/18/23 上午06时47分56秒,0.301,92.657
09/18/23 上午07时47分56秒,-0.283,96.802
09/18/23 上午08时47分56秒,-0.227,96.841
09/18/23 上午09时47分56秒,0.218,94.922
09/18/23 上午10时47分56秒,3.433,72.568
09/18/23 上午11时47分56秒,5.745,57.053
09/18/23 下午12时47分56秒,7.72,47.807
09/18/23 下午01时47分56秒,8.668,45.263
09/18/23 下午02时47分56秒,7.895,49.805
09/18/23 下午03时47分56秒,7.318,47.602
09/18/23 下午04时47分56秒,6.99,49.922
09/18/23 下午05时47分56秒,6.661,52.667
09/18/23 下午06时47分56秒,5.719,60.077
09/18/23 下午07时47分56秒,4.115,69.345
09/18/23 下午08时47分56秒,3.827,69.289
09/18/23 下午09时47分56秒,3.775,70.413
09/18/23 下午10时47分56秒,3.459,73.174
09/18/23 下午11时47分56秒,2.903,72.924
09/19/23 上午12时47分56秒,2.664,74.528
09/19/23 上午01时47分56秒,2.77,76.353
09/19/23 上午02时47分56秒,2.343,81.914
09/19/23 上午03时47分56秒,1.534,86.942
09/19/23 上午04时47分56秒,1.561,84.601
09/19/23 上午05时47分56秒,0.77,91.7
09/19/23 上午06时47分56秒,1.18,89.971
09/19/23 上午07时47分56秒,0.273,98.055
09/19/23 上午08时47分56秒,0.605,97.003
09/19/23 上午09时47分56秒,2.396,78.615
09/19/23 上午10时47分56秒,4.869,70.766
09/19/23 上午11时47分56秒,6.737,62.299
09/19/23 下午12时47分56秒,7.368,58.687
09/19/23 下午01时47分56秒,7.444,57.584
09/19/23 下午02时47分56秒,8.02,57.675
09/19/23 下午03时47分56秒,7.895,56.21
09/19/23 下午04时47分56秒,8.519,55.772
09/19/23 下午05时47分56秒,7.72,59.942
09/19/23 下午06时47分56秒,6.509,66.146
09/19/23 下午07时47分56秒,5.437,75.215
09/19/23 下午08时47分56秒,4.428,79.384
09/19/23 下午09时47分56秒,4.194,78.453
09/19/23 下午10时47分56秒,3.538,83.833
09/19/23 下午11时47分56秒,3.958,80.683
09/20/23 上午12时47分56秒,3.406,89.561
09/20/23 上午01时47分56秒,3.301,87.76
09/20/23 上午02时47分56秒,3.116,86.822
09/20/23 上午03时47分56秒,3.009,82.772
09/20/23 上午04时47分56秒,2.664,85.739
09/20/23 上午05时47分56秒,2.289,90.856
09/20/23 上午06时47分56秒,1.994,95.798
09/20/23 上午07时47分56秒,1.859,95.226
09/20/23 上午08时47分56秒,1.453,97.385
09/20/23 上午09时47分56秒,2.77,92.027
09/20/23 上午10时47分56秒,5.102,76.095
09/20/23 上午11时47分56秒,4.115,89.108
09/20/23 下午12时47分56秒,5.949,81.822
09/20/23 下午01时47分56秒,7.217,69.577
09/20/23 下午02时47分56秒,7.72,66.082
09/20/23 下午03时47分56秒,8.817,53.729
09/20/23 下午04时47分56秒,8.469,61.784
09/20/23 下午05时47分56秒,6.99,67.762
09/20/23 下午06时47分56秒,6.306,75.996
09/20/23 下午07时47分56秒,5.924,75.97
09/20/23 下午08时47分56秒,5.282,73.984
09/20/23 下午09时47分56秒,4.895,79.247
09/20/23 下午10时47分56秒,4.246,83.478
09/20/23 下午11时47分56秒,3.932,83.509
09/21/23 上午12时47分56秒,2.983,92.48
09/21/23 上午01时47分56秒,2.423,96.934
09/21/23 上午02时47分56秒,2.289,96.51
09/21/23 上午03时47分56秒,2.182,96.818
09/21/23 上午04时47分56秒,1.778,99.674
09/21/23 上午05时47分56秒,1.453,100
09/21/23 上午06时47分56秒,1.643,98.325
09/21/23 上午07时47分56秒,1.615,98.341
09/21/23 上午08时47分56秒,2.101,93.383
09/21/23 上午09时47分56秒,2.797,94.7
09/21/23 上午10时47分56秒,3.327,92.024
09/21/23 上午11时47分56秒,4.921,86.467
09/21/23 下午12时47分56秒,5.179,81.964
09/21/23 下午01时47分56秒,6.051,76.078
09/21/23 下午02时47分56秒,8.394,63.363
09/21/23 下午03时47分56秒,8.543,63.764
09/21/23 下午04时47分56秒,5.205,80.859
09/21/23 下午05时47分56秒,5.437,80.247
09/21/23 下午06时47分56秒,4.61,87.138
09/21/23 下午07时47分56秒,4.194,87.343
09/21/23 下午08时47分56秒,3.564,90.483
09/21/23 下午09时47分56秒,2.983,95.875
09/21/23 下午10时47分56秒,2.744,96.004
09/21/23 下午11时47分56秒,3.036,91.399
09/22/23 上午12时47分56秒,2.877,94.77
09/22/23 上午01时47分56秒,2.423,98.139
09/22/23 上午02时47分56秒,2.021,99.434
09/22/23 上午03时47分56秒,1.859,100
09/22/23 上午04时47分56秒,1.615,100
09/22/23 上午05时47分56秒,1.507,100
09/22/23 上午06时47分56秒,1.371,100
09/22/23 上午07时47分56秒,1.344,100
09/22/23 上午08时47分56秒,1.643,100
09/22/23 上午09时47分56秒,2.423,100
09/22/23 上午10时47分56秒,3.801,93.961
09/22/23 上午11时47分56秒,4.558,92.146
09/22/23 下午12时47分56秒,5.024,87.137
09/22/23 下午01时47分56秒,5.024,91.111
09/22/23 下午02时47分56秒,4.61,86.521
09/22/23 下午03时47分56秒,4.947,84.478
09/22/23 下午04时47分56秒,5.128,81.027
09/22/23 下午05时47分56秒,4.818,82.354
09/22/23 下午06时47分56秒,4.141,83.35
09/22/23 下午07时47分56秒,3.459,92.755
09/22/23 下午08时47分56秒,2.77,95.719
09/22/23 下午09时47分56秒,2.557,95.075
09/22/23 下午10时47分56秒,2.289,95.002
09/22/23 下午11时47分56秒,2.021,96.193
09/23/23 上午12时47分56秒,1.697,100
09/23/23 上午01时47分56秒,1.507,100
09/23/23 上午02时47分56秒,1.344,100
09/23/23 上午03时47分56秒,1.289,100
09/23/23 上午04时47分56秒,1.18,100
09/23/23 上午05时47分56秒,0.989,100
09/23/23 上午06时47分56秒,1.017,100
09/23/23 上午07时47分56秒,0.962,100
09/23/23 上午08时47分56秒,1.48,98.159
09/23/23 上午09时47分56秒,2.209,93.658
09/23/23 上午10时47分56秒,3.67,89.679
09/23/23 上午11时47分56秒,4.869,81.233
09/23/23 下午12时47分56秒,4.792,79.438
09/23/23 下午01时47分56秒,5.872,75.715
09/23/23 下午02时47分56秒,7.619,70.691
09/23/23 下午03时47分56秒,5.847,77.686
09/23/23 下午04时47分56秒,6.281,74.243
09/23/23 下午05时47分56秒,5.539,78.667
09/23/23 下午06时47分56秒,4.688,78.748
09/23/23 下午07时47分56秒,3.985,82.581
09/23/23 下午08时47分56秒,3.854,81.423
09/23/23 下午09时47分56秒,3.643,83.987
09/23/23 下午10时47分56秒,3.354,87.646
09/23/23 下午11时47分56秒,3.116,87.943
09/24/23 上午12时47分56秒,2.182,98.143
09/24/23 上午01时47分56秒,1.724,100
09/24/23 上午02时47分56秒,1.724,100
09/24/23 上午03时47分56秒,1.615,100
09/24/23 上午04时47分56秒,1.425,100
09/24/23 上午05时47分56秒,1.262,100
09/24/23 上午06时47分56秒,1.289,100
09/24/23 上午07时47分56秒,1.153,100
09/24/23 上午08时47分56秒,1.48,100
09/24/23 上午09时47分56秒,1.913,100
09/24/23 上午10时47分56秒,2.717,98.438
09/24/23 上午11时47分56秒,4.688,82.324
09/24/23 下午12时47分56秒,5.282,77.187
09/24/23 下午01时47分56秒,4.506,84.893
09/24/23 下午02时47分56秒,5.642,77.641
09/24/23 下午03时47分56秒,6.331,71.663
09/24/23 下午04时47分56秒,4.714,80.854
09/24/23 下午05时47分56秒,5.488,76.149
09/24/23 下午06时47分56秒,4.662,77.322
09/24/23 下午07时47分56秒,3.854,77.577
09/24/23 下午08时47分56秒,3.538,78.814
09/24/23 下午09时47分56秒,3.221,77.653
09/24/23 下午10时47分56秒,2.877,80.228
09/24/23 下午11时47分56秒,2.45,84.144
09/25/23 上午12时47分56秒,2.236,85.456
09/25/23 上午01时47分56秒,1.913,87.086
09/25/23 上午02时47分56秒,2.128,85.993
09/25/23 上午03时47分56秒,1.751,84.441
09/25/23 上午04时47分56秒,1.289,86.018
09/25/23 上午05时47分56秒,1.48,85.707
09/25/23 上午06时47分56秒,0.934,88.206
09/25/23 上午07时47分56秒,0.962,88.188
09/25/23 上午08时47分56秒,1.153,86.543
09/25/23 上午09时47分56秒,3.089,77.144
09/25/23 上午10时47分56秒,3.301,80.719
09/25/23 上午11时47分56秒,4.063,81.392
09/25/23 下午12时47分56秒,3.643,81.717
09/25/23 下午01时47分56秒,5.847,68.223
09/25/23 下午02时47分56秒,4.869,75.233
09/25/23 下午03时47分56秒,5.539,72.059
09/25/23 下午04时47分56秒,4.584,77.091
09/25/23 下午05时47分56秒,4.662,72.488
09/25/23 下午06时47分56秒,4.246,76.561
09/25/23 下午07时47分56秒,3.564,79.616
09/25/23 下午08时47分56秒,3.168,86.016
09/25/23 下午09时47分56秒,2.664,88.616
09/25/23 下午10时47分56秒,2.343,91.816
09/25/23 下午11时47分56秒,1.588,95.443
09/26/23 上午12时47分56秒,1.967,92.064
09/26/23 上午01时47分56秒,1.561,92.303
09/26/23 上午02时47分56秒,0.55,99.13
09/26/23 上午03时47分56秒,0.273,100
09/26/23 上午04时47分56秒,0.495,99.02
09/26/23 上午05时47分56秒,0.715,96.41
09/26/23 上午06时47分56秒,0.218,98.845
09/26/23 上午07时47分56秒,0.163,97.785
09/26/23 上午08时47分56秒,0.742,92.431
09/26/23 上午09时47分56秒,2.209,83.39
09/26/23 上午10时47分56秒,2.877,82.794
09/26/23 上午11时47分56秒,3.274,85.887
09/26/23 下午12时47分56秒,3.67,91.263
09/26/23 下午01时47分56秒,3.406,88.6
09/26/23 下午02时47分56秒,3.88,81.666
09/26/23 下午03时47分56秒,4.61,78.891
09/26/23 下午04时47分56秒,4.584,76.039
09/26/23 下午05时47分56秒,4.089,77.628
09/26/23 下午06时47分56秒,3.775,78.893
09/26/23 下午07时47分56秒,3.142,81.287
09/26/23 下午08时47分56秒,3.089,82.791
09/26/23 下午09时47分56秒,2.93,81.945
09/26/23 下午10时47分56秒,2.664,87.551
09/26/23 下午11时47分56秒,1.859,93.539
09/27/23 上午12时47分56秒,1.643,96.379
09/27/23 上午01时47分56秒,1.534,96.927
09/27/23 上午02时47分56秒,1.262,96.514
09/27/23 上午03时47分56秒,1.289,95.797
09/27/23 上午04时47分56秒,1.208,97.076
09/27/23 上午05时47分56秒,0.412,99.563
09/27/23 上午06时47分56秒,0.495,99.705
09/27/23 上午07时47分56秒,0.412,97.761
09/27/23 上午08时47分56秒,0.632,100
09/27/23 上午09时47分56秒,1.507,93.322
09/27/23 上午10时47分56秒,3.722,76.744
09/27/23 上午11时47分56秒,4.999,70.736
09/27/23 下午12时47分56秒,5.745,66.967
09/27/23 下午01时47分56秒,5.796,66.779
09/27/23 下午02时47分56秒,6.889,63.073
09/27/23 下午03时47分56秒,6.23,69.193
09/27/23 下午04时47分56秒,6.661,65.918
09/27/23 下午05时47分56秒,6.331,65.376
09/27/23 下午06时47分56秒,5.591,68.231
09/27/23 下午07时47分56秒,3.985,76.988
09/27/23 下午08时47分56秒,3.301,81.481
09/27/23 下午09时47分56秒,3.301,79.663
09/27/23 下午10时47分56秒,3.089,81.537
09/27/23 下午11时47分56秒,2.45,84.248
09/28/23 上午12时47分56秒,2.209,80.182
09/28/23 上午01时47分56秒,1.643,85.645
09/28/23 上午02时47分56秒,1.453,92.669
09/28/23 上午03时47分56秒,0.934,96.182
09/28/23 上午04时47分56秒,1.805,78.353
09/28/23 上午05时47分56秒,1.751,83.152
09/28/23 上午06时47分56秒,0.934,84.63
09/28/23 上午07时47分56秒,0.934,83.321
09/28/23 上午08时47分56秒,1.317,84.799
09/28/23 上午09时47分56秒,2.983,75.216
09/28/23 上午10时47分56秒,5.257,65.805
09/28/23 上午11时47分56秒,4.376,62.666
09/28/23 下午12时47分56秒,4.818,63.485
09/28/23 下午01时47分56秒,5.385,62.555
09/28/23 下午02时47分56秒,6.408,60.539
09/28/23 下午03时47分56秒,7.519,48.966
09/28/23 下午04时47分56秒,6.763,52.652
09/28/23 下午05时47分56秒,6.458,56.695
09/28/23 下午06时47分56秒,5.642,66.553
09/28/23 下午07时47分56秒,4.324,72.858
09/28/23 下午08时47分56秒,3.801,76.035
09/28/23 下午09时47分56秒,3.089,77.784
09/28/23 下午10时47分56秒,3.142,79.654
09/28/23 下午11时47分56秒,2.503,83.537
09/29/23 上午12时47分56秒,1.913,87.492
09/29/23 上午01时47分56秒,1.967,85.468
09/29/23 上午02时47分56秒,0.715,94.038
09/29/23 上午03时47分56秒,0.55,95.255
09/29/23 上午04时47分56秒,0.577,94.924
09/29/23 上午05时47分56秒,0.577,88.542
09/29/23 上午06时47分56秒,0.329,89.453
09/29/23 上午07时47分56秒,-0.62,96.277
09/29/23 上午08时47分56秒,-0.171,93.725
09/29/23 上午09时47分56秒,1.588,87.462
09/29/23 上午10时47分56秒,4.402,61.584
09/29/23 上午11时47分56秒,5.411,57.731
09/29/23 下午12时47分56秒,7.92,52.16
09/29/23 下午01时47分56秒,8.07,54.037
09/29/23 下午02时47分56秒,7.82,58.026
09/29/23 下午03时47分56秒,7.444,61.089
09/29/23 下午04时47分56秒,7.494,60.371
09/29/23 下午05时47分56秒,6.661,62.2
09/29/23 下午06时47分56秒,5.668,68.218
09/29/23 下午07时47分56秒,4.454,71.677
09/29/23 下午08时47分56秒,3.67,76.84
09/29/23 下午09时47分56秒,3.406,78.732
09/29/23 下午10时47分56秒,3.354,77.201
09/29/23 下午11时47分56秒,3.485,74.537
09/30/23 上午12时47分56秒,3.248,77.232
09/30/23 上午01时47分56秒,2.664,78.064
09/30/23 上午02时47分56秒,2.477,75.915
09/30/23 上午03时47分56秒,1.48,86.877
09/30/23 上午04时47分56秒,0.412,90.617
09/30/23 上午05时47分56秒,-0.088,93.212
09/30/23 上午06时47分56秒,-0.199,93.402
09/30/23 上午07时47分56秒,-0.535,93.068
09/30/23 上午08时47分56秒,-0.283,89.768
09/30/23 上午09时47分56秒,1.643,83.798
09/30/23 上午10时47分56秒,4.74,61.728
09/30/23 上午11时47分56秒,6.813,54.801
09/30/23 下午12时47分56秒,6.965,55.15
09/30/23 下午01时47分56秒,7.92,52.58
09/30/23 下午02时47分56秒,7.895,49.896
09/30/23 下午03时47分56秒,8.419,46.032
09/30/23 下午04时47分56秒,7.242,49.02
09/30/23 下午05时47分56秒,6.965,49.979
09/30/23 下午06时47分56秒,6.306,50.67
09/30/23 下午07时47分56秒,5.36,56.054
09/30/23 下午08时47分56秒,3.88,69.493
09/30/23 下午09时47分56秒,3.512,73.919
09/30/23 下午10时47分56秒,2.956,76.5
09/30/23 下午11时47分56秒,2.877,78.721
10/01/23 上午12时47分56秒,3.089,76.367
10/01/23 上午01时47分56秒,2.503,79.722
10/01/23 上午02时47分56秒,2.155,80.511
10/01/23 上午03时47分56秒,1.859,82.867
10/01/23 上午04时47分56秒,1.453,87.225
10/01/23 上午05时47分56秒,1.724,85.767
10/01/23 上午06时47分56秒,1.425,91.03
10/01/23 上午07时47分56秒,1.805,86.602
10/01/23 上午08时47分56秒,1.099,93.311
10/01/23 上午09时47分56秒,2.93,80.608
10/01/23 上午10时47分56秒,4.402,69.872
10/01/23 上午11时47分56秒,4.636,73.359
10/01/23 下午12时47分56秒,5.539,69.507
10/01/23 下午01时47分56秒,6.382,64.331
10/01/23 下午02时47分56秒,5.796,66.299
10/01/23 下午03时47分56秒,7.242,60.504
10/01/23 下午04时47分56秒,6.535,62.552
10/01/23 下午05时47分56秒,5.77,67.788
10/01/23 下午06时47分56秒,5.385,71.393
10/01/23 下午07时47分56秒,4.662,73.474
10/01/23 下午08时47分56秒,4.246,79.13
10/01/23 下午09时47分56秒,3.906,82.642
10/01/23 下午10时47分56秒,3.722,83.147
10/01/23 下午11时47分56秒,3.801,79.907
10/02/23 上午12时47分56秒,2.93,87.922
10/02/23 上午01时47分56秒,2.477,90.604
10/02/23 上午02时47分56秒,1.94,92.946
10/02/23 上午03时47分56秒,2.128,91.66
10/02/23 上午04时47分56秒,1.48,98.732
10/02/23 上午05时47分56秒,1.697,97.141
10/02/23 上午06时47分56秒,1.724,96.884
10/02/23 上午07时47分56秒,1.697,95.4
10/02/23 上午08时47分56秒,1.886,95.525
10/02/23 上午09时47分56秒,2.503,93.096
10/02/23 上午10时47分56秒,4.74,75.368
10/02/23 上午11时47分56秒,5.821,67.741
10/02/23 下午12时47分56秒,7.393,66.705
10/02/23 下午01时47分56秒,6.484,69.577
10/02/23 下午02时47分56秒,7.217,66.076
10/02/23 下午03时47分56秒,9.78,53.961
10/02/23 下午04时47分56秒,8.369,57.73
10/02/23 下午05时47分56秒,7.594,63.57
10/02/23 下午06时47分56秒,6.712,70.264
10/02/23 下午07时47分56秒,5.282,75.835
10/02/23 下午08时47分56秒,5.076,76.225
10/02/23 下午09时47分56秒,4.714,77.629
10/02/23 下午10时47分56秒,4.141,77.693
10/02/23 下午11时47分56秒,3.932,81.204
10/03/23 上午12时47分56秒,3.009,86.898
10/03/23 上午01时47分56秒,2.316,93.219
10/03/23 上午02时47分56秒,2.182,94.484
10/03/23 上午03时47分56秒,2.423,92.778
10/03/23 上午04时47分56秒,1.886,95.233
10/03/23 上午05时47分56秒,1.751,94.807
10/03/23 上午06时47分56秒,1.967,92.657
10/03/23 上午07时47分56秒,2.074,91.795
10/03/23 上午08时47分56秒,2.155,93.791
10/03/23 上午09时47分56秒,2.423,96.353
10/03/23 上午10时47分56秒,3.775,89.377
10/03/23 上午11时47分56秒,6.306,70.185
10/03/23 下午12时47分56秒,7.569,62.672
10/03/23 下午01时47分56秒,7.594,61.665
10/03/23 下午02时47分56秒,9.089,53.649
10/03/23 下午03时47分56秒,8.295,61.435
10/03/23 下午04时47分56秒,7.594,64.917
10/03/23 下午05时47分56秒,6.306,71.075
10/03/23 下午06时47分56秒,4.869,80.73
10/03/23 下午07时47分56秒,4.818,80.877
10/03/23 下午08时47分56秒,4.376,82.305
10/03/23 下午09时47分56秒,4.298,79.7
10/03/23 下午10时47分56秒,4.063,82.128
10/03/23 下午11时47分56秒,3.38,83.873
10/04/23 上午12时47分56秒,2.584,86.87
10/04/23 上午01时47分56秒,2.289,85.469
10/04/23 上午02时47分56秒,2.77,78.804
10/04/23 上午03时47分56秒,2.717,78.713
10/04/23 上午04时47分56秒,2.343,78.683
10/04/23 上午05时47分56秒,1.913,81.841
10/04/23 上午06时47分56秒,1.425,79.901
10/04/23 上午07时47分56秒,0.687,84.699
10/04/23 上午08时47分56秒,1.262,83.605
10/04/23 上午09时47分56秒,2.903,72.734
10/04/23 上午10时47分56秒,4.35,66.063
10/04/23 上午11时47分56秒,5.898,61.868
10/04/23 下午12时47分56秒,7.945,53.362
10/04/23 下午01时47分56秒,6.813,57.015
10/04/23 下午02时47分56秒,6.408,61.147
10/04/23 下午03时47分56秒,6.661,59.302
10/04/23 下午04时47分56秒,7.87,62.897
10/04/23 下午05时47分56秒,3.985,87.112
10/04/23 下午06时47分56秒,4.662,80.577
10/04/23 下午07时47分56秒,4.272,78.683
10/04/23 下午08时47分56秒,3.617,78.326
10/04/23 下午09时47分56秒,3.063,81.085
10/04/23 下午10时47分56秒,2.85,81.089
10/04/23 下午11时47分56秒,2.503,82.68
10/05/23 上午12时47分56秒,2.316,85.604
10/05/23 上午01时47分56秒,1.751,93.24
10/05/23 上午02时47分56秒,1.913,90.833
10/05/23 上午03时47分56秒,2.423,89.437
10/05/23 上午04时47分56秒,1.208,97.747
10/05/23 上午05时47分56秒,0.962,99.296
10/05/23 上午06时47分56秒,1.262,99.572
10/05/23 上午07时47分56秒,2.021,92.449
10/05/23 上午08时47分56秒,2.074,93.425
10/05/23 上午09时47分56秒,2.77,95.182
10/05/23 上午10时47分56秒,3.354,92.975
10/05/23 上午11时47分56秒,3.512,92.172
10/05/23 下午12时47分56秒,3.591,95.21
10/05/23 下午01时47分56秒,3.168,94.997
10/05/23 下午02时47分56秒,3.063,96.189
10/05/23 下午03时47分56秒,3.617,96.781
10/05/23 下午04时47分56秒,4.246,86.535
10/05/23 下午05时47分56秒,4.246,86.74
10/05/23 下午06时47分56秒,3.827,82.545
10/05/23 下午07时47分56秒,3.089,89.102
10/05/23 下午08时47分56秒,2.128,94.812
10/05/23 下午09时47分56秒,2.316,91.411
10/05/23 下午10时47分56秒,1.967,93.249
10/05/23 下午11时47分56秒,1.044,99.651
10/06/23 上午12时47分56秒,1.017,100
10/06/23 上午01时47分56秒,0.715,100
10/06/23 上午02时47分56秒,-0.032,100
10/06/23 上午03时47分56秒,0.163,100
10/06/23 上午04时47分56秒,0.163,100
10/06/23 上午05时47分56秒,-0.116,100
10/06/23 上午06时47分56秒,-0.283,100
10/06/23 上午07时47分56秒,-0.563,100
10/06/23 上午08时47分56秒,-0.171,100
10/06/23 上午09时47分56秒,0.632,100
10/06/23 上午10时47分56秒,0.77,100
10/06/23 上午11时47分56秒,1.534,100
10/06/23 下午12时47分56秒,1.534,100
10/06/23 下午01时47分56秒,1.643,97.63
10/06/23 下午02时47分56秒,1.344,100
10/06/23 下午03时47分56秒,1.778,99.008
10/06/23 下午04时47分56秒,1.425,97.185
10/06/23 下午05时47分56秒,1.017,100
10/06/23 下午06时47分56秒,0.797,100
10/06/23 下午07时47分56秒,0.55,100
10/06/23 下午08时47分56秒,0.55,100
10/06/23 下午09时47分56秒,-0.088,100
10/06/23 下午10时47分56秒,-0.563,100
10/06/23 下午11时47分56秒,-0.845,100
10/07/23 上午12时47分56秒,-0.817,100
10/07/23 上午01时47分56秒,-1.27,100
10/07/23 上午02时47分56秒,-1.413,100
10/07/23 上午03时47分56秒,-1.185,99.826
10/07/23 上午04时47分56秒,-1.213,99.701
10/07/23 上午05时47分56秒,-1.67,100
10/07/23 上午06时47分56秒,-1.015,92.306
10/07/23 上午07时47分56秒,-0.986,93.384
10/07/23 上午08时47分56秒,-0.789,88.67
10/07/23 上午09时47分56秒,-0.143,96.697
10/07/23 上午10时47分56秒,1.044,90.434
10/07/23 上午11时47分56秒,3.009,78.565
10/07/23 下午12时47分56秒,3.854,67.345
10/07/23 下午01时47分56秒,4.973,61.423
10/07/23 下午02时47分56秒,4.037,68.524
10/07/23 下午03时47分56秒,4.089,68.84
10/07/23 下午04时47分56秒,3.722,71.723
10/07/23 下午05时47分56秒,3.009,78.883
10/07/23 下午06时47分56秒,2.101,82.509
10/07/23 下午07时47分56秒,2.503,78.268
10/07/23 下午08时47分56秒,1.344,93.622
10/07/23 下午09时47分56秒,0.412,99.704
10/07/23 下午10时47分56秒,0.605,96.619
10/07/23 下午11时47分56秒,-0.032,99.858
10/08/23 上午12时47分56秒,1.48,82.959
10/08/23 上午01时47分56秒,-0.06,97.508
10/08/23 上午02时47分56秒,-0.535,100
10/08/23 上午03时47分56秒,-0.62,100
10/08/23 上午04时47分56秒,-0.704,100
10/08/23 上午05时47分56秒,-0.93,100
10/08/23 上午06时47分56秒,-1.299,100
10/08/23 上午07时47分56秒,-2.16,100
10/08/23 上午08时47分56秒,-0.676,99.67
10/08/23 上午09时47分56秒,0.77,97.456
10/08/23 上午10时47分56秒,3.827,85.841
10/08/23 上午11时47分56秒,1.317,96.143
10/08/23 下午12时47分56秒,0.218,100
10/08/23 下午01时47分56秒,1.453,97.529
10/08/23 下午02时47分56秒,3.009,94.757
10/08/23 下午03时47分56秒,1.697,96.973
10/08/23 下午04时47分56秒,0.77,100
10/08/23 下午05时47分56秒,0.632,100
10/08/23 下午06时47分56秒,0.934,100
10/08/23 下午07时47分56秒,0.356,100
10/08/23 下午08时47分56秒,-0.116,100
10/08/23 下午09时47分56秒,0.329,94.904
10/08/23 下午10时47分56秒,-0.311,99.917
10/08/23 下午11时47分56秒,-0.283,100
10/09/23 上午12时47分56秒,-0.535,100
10/09/23 上午01时47分56秒,-0.563,100
10/09/23 上午02时47分56秒,-0.902,99.464
10/09/23 上午03时47分56秒,-1.1,100
10/09/23 上午04时47分56秒,-0.958,100
10/09/23 上午05时47分56秒,-1.128,100
10/09/23 上午06时47分56秒,-2.131,99.667
10/09/23 上午07时47分56秒,-1.071,100
10/09/23 上午08时47分56秒,-0.732,100
10/09/23 上午09时47分56秒,-0.676,100
10/09/23 上午10时47分56秒,-0.032,98.537
10/09/23 上午11时47分56秒,0.55,97.083
10/09/23 下午12时47分56秒,1.913,90.234
10/09/23 下午01时47分56秒,1.751,91.908
10/09/23 下午02时47分56秒,0.88,95.733
10/09/23 下午03时47分56秒,-0.395,100
10/09/23 下午04时47分56秒,-0.704,100
10/09/23 下午05时47分56秒,-2.073,100
10/09/23 下午06时47分56秒,-2.859,100
10/09/23 下午07时47分56秒,-4.318,97.45
10/09/23 下午08时47分56秒,-3.39,100
10/09/23 下午09时47分56秒,-2.888,100
10/09/23 下午10时47分56秒,-3.006,100
10/09/23 下午11时47分56秒,-2.8,100
10/10/23 上午12时47分56秒,-3.508,99.217
10/10/23 上午01时47分56秒,-4.621,99.813
10/10/23 上午02时47分56秒,-4.53,93.287
10/10/23 上午03时47分56秒,-4.408,96.536
10/10/23 上午04时47分56秒,-4.408,97.167
10/10/23 上午05时47分56秒,-4.834,97.115
10/10/23 上午06时47分56秒,-5.11,92.413
10/10/23 上午07时47分56秒,-5.018,94.435
10/10/23 上午08时47分56秒,-5.511,95.568
10/10/23 上午09时47分56秒,-2.247,88.794
10/10/23 上午10时47分56秒,1.751,80.394
10/10/23 上午11时47分56秒,2.316,79.285
10/10/23 下午12时47分56秒,2.77,77.342
10/10/23 下午01时47分56秒,2.343,81.653
10/10/23 下午02时47分56秒,2.584,72.233
10/10/23 下午03时47分56秒,1.724,85.358
10/10/23 下午04时47分56秒,1.153,91.899
10/10/23 下午05时47分56秒,1.751,78.658
10/10/23 下午06时47分56秒,1.126,81.165
10/10/23 下午07时47分56秒,0.715,83.115
10/10/23 下午08时47分56秒,0.522,73.195
10/10/23 下午09时47分56秒,0.107,75.597
10/10/23 下午10时47分56秒,0.246,73.595
10/10/23 下午11时47分56秒,-0.283,73.7
10/11/23 上午12时47分56秒,-1.128,78.595
10/11/23 上午01时47分56秒,-1.185,76.748
10/11/23 上午02时47分56秒,-1.27,77.36
10/11/23 上午03时47分56秒,-2.742,93.967
10/11/23 上午04时47分56秒,-3.242,96.914
10/11/23 上午05时47分56秒,-3.301,98.953
10/11/23 上午06时47分56秒,-2.976,99.094
10/11/23 上午07时47分56秒,-2.683,98.48
10/11/23 上午08时47分56秒,-2.508,98.577
10/11/23 上午09时47分56秒,-2.102,97.991
10/11/23 上午10时47分56秒,-1.727,88.431
10/11/23 上午11时47分56秒,-1.242,80.234
10/11/23 下午12时47分56秒,-0.789,74.396
10/11/23 下午01时47分56秒,0.024,60.98
10/11/23 下午02时47分56秒,0.962,56.676
10/11/23 下午03时47分56秒,1.017,63.353
10/11/23 下午04时47分56秒,0.962,62.921
10/11/23 下午05时47分56秒,-0.06,61.474
10/11/23 下午06时47分56秒,-0.395,63.439
10/11/23 下午07时47分56秒,-1.185,63.828
10/11/23 下午08时47分56秒,-1.128,63.169
10/11/23 下午09时47分56秒,-1.384,66.477
10/11/23 下午10时47分56秒,-1.785,68.045
10/11/23 下午11时47分56秒,-1.756,63.141
10/12/23 上午12时47分56秒,-1.641,59.284
10/12/23 上午01时47分56秒,-2.276,66.94
10/12/23 上午02时47分56秒,-2.305,64.956
10/12/23 上午03时47分56秒,-2.859,63.417
10/12/23 上午04时47分56秒,-3.301,66.801
10/12/23 上午05时47分56秒,-3.33,75.547
10/12/23 上午06时47分56秒,-3.747,79.841
10/12/23 上午07时47分56秒,-4.046,80.72
10/12/23 上午08时47分56秒,-3.807,88.296
10/12/23 上午09时47分56秒,-2.625,83.192
10/12/23 上午10时47分56秒,-1.871,90.882
10/12/23 上午11时47分56秒,-0.789,82.427
10/12/23 下午12时47分56秒,0.329,76.15
10/12/23 下午01时47分56秒,-0.986,81.016
10/12/23 下午02时47分56秒,-1.157,80.149
10/12/23 下午03时47分56秒,-0.088,77.988
10/12/23 下午04时47分56秒,-0.283,79.228
10/12/23 下午05时47分56秒,-0.563,73.24
10/12/23 下午06时47分56秒,-1.071,77.718
10/12/23 下午07时47分56秒,-1.413,77.591
10/12/23 下午08时47分56秒,-1.9,72.643
10/12/23 下午09时47分56秒,-2.771,73.581
10/12/23 下午10时47分56秒,-4.197,80.123
10/12/23 下午11时47分56秒,-4.804,80.391
10/13/23 上午12时47分56秒,-4.499,80.716
10/13/23 上午01时47分56秒,-4.227,82.304
10/13/23 上午02时47分56秒,-3.717,83.234
10/13/23 上午03时47分56秒,-4.469,92.059
10/13/23 上午04时47分56秒,-5.018,95.66
10/13/23 上午05时47分56秒,-5.079,97.881
10/13/23 上午06时47分56秒,-5.574,97.738
10/13/23 上午07时47分56秒,-5.916,98.606
10/13/23 上午08时47分56秒,-5.979,98.289
10/13/23 上午09时47分56秒,-5.542,98.761
10/13/23 上午10时47分56秒,-4.408,96.395
10/13/23 上午11时47分56秒,-4.016,93.666
10/13/23 下午12时47分56秒,-2.771,88.881
10/13/23 下午01时47分56秒,-2.421,82.324
10/13/23 下午02时47分56秒,-1.327,69.387
10/13/23 下午03时47分56秒,-1.128,58.489
10/13/23 下午04时47分56秒,-1.015,47.074
10/13/23 下午05时47分56秒,-1.584,52.956
10/13/23 下午06时47分56秒,-2.218,52.63
10/13/23 下午07时47分56秒,-3.035,55.501
10/13/23 下午08时47分56秒,-3.836,59.48
10/13/23 下午09时47分56秒,-6.77,68.483
10/13/23 下午10时47分56秒,-7.251,69.666
10/13/23 下午11时47分56秒,-7.804,62.64
10/14/23 上午12时47分56秒,-8.264,62.448
10/14/23 上午01时47分56秒,-8.797,64.28
10/14/23 上午02时47分56秒,-8.73,56.906
10/14/23 上午03时47分56秒,-8.53,52.632
10/14/23 上午04时47分56秒,-8,49.075
10/14/23 上午05时47分56秒,-8.43,53.413
10/14/23 上午06时47分56秒,-6.515,49.603
10/14/23 上午07时47分56秒,-6.452,55.87
10/14/23 上午08时47分56秒,-5.264,60.884
10/14/23 上午09时47分56秒,-4.287,57.631
10/14/23 上午10时47分56秒,-2.073,53.405
10/14/23 上午11时47分56秒,-1.641,61.314
10/14/23 下午12时47分56秒,-1.814,60.835
10/14/23 下午01时47分56秒,-1.128,61.684
10/14/23 下午02时47分56秒,-0.902,56.869
10/14/23 下午03时47分56秒,-0.507,53.611
10/14/23 下午04时47分56秒,-0.676,55.755
10/14/23 下午05时47分56秒,-0.789,56.973
10/14/23 下午06时47分56秒,-1.299,57.52
10/14/23 下午07时47分56秒,-2.218,68.914
10/14/23 下午08时47分56秒,-4.106,72.322
10/14/23 下午09时47分56秒,-3.956,70.378
10/14/23 下午10时47分56秒,-4.56,74.68
10/14/23 下午11时47分56秒,-4.957,77.715
10/15/23 上午12时47分56秒,-5.079,79.204
10/15/23 上午01时47分56秒,-4.408,84.425
10/15/23 上午02时47分56秒,-4.987,84.233
10/15/23 上午03时47分56秒,-6.547,84.598
10/15/23 上午04时47分56秒,-6.898,85.203
10/15/23 上午05时47分56秒,-6.77,85.874
10/15/23 上午06时47分56秒,-6.452,83.478
10/15/23 上午07时47分56秒,-7.478,87.939
10/15/23 上午08时47分56秒,-6.77,83.973
10/15/23 上午09时47分56秒,-4.106,79.99
10/15/23 上午10时47分56秒,-3.39,83.918
10/15/23 上午11时47分56秒,-2.508,79.48
10/15/23 下午12时47分56秒,-1.756,71.438
10/15/23 下午01时47分56秒,-1.157,68.494
10/15/23 下午02时47分56秒,-0.255,65.359
10/15/23 下午03时47分56秒,0.301,61.395
10/15/23 下午04时47分56秒,1.126,57.279
10/15/23 下午05时47分56秒,-0.143,70.816
10/15/23 下午06时47分56秒,-0.76,75.492
10/15/23 下午07时47分56秒,-1.699,82.75
10/15/23 下午08时47分56秒,-2.479,95.758
10/15/23 下午09时47分56秒,-2.83,95.304
10/15/23 下午10时47分56秒,-3.271,99.148
10/15/23 下午11时47分56秒,-3.479,99.504
10/16/23 上午12时47分56秒,-3.538,99.348
10/16/23 上午01时47分56秒,-3.36,88.311
10/16/23 上午02时47分56秒,-4.408,98.585
10/16/23 上午03时47分56秒,-4.137,96.847
10/16/23 上午04时47分56秒,-4.957,87.363
10/16/23 上午05时47分56秒,-5.48,86.936
10/16/23 上午06时47分56秒,-5.854,85.659
10/16/23 上午07时47分56秒,-5.885,82.815
10/16/23 上午08时47分56秒,-6.105,83.562
10/16/23 上午09时47分56秒,-4.318,81.827
10/16/23 上午10时47分56秒,-2.45,79.286
10/16/23 上午11时47分56秒,-0.62,69.007
10/16/23 下午12时47分56秒,0.467,67.431
10/16/23 下午01时47分56秒,1.208,61.04
10/16/23 下午02时47分56秒,2.717,59.436
10/16/23 下午03时47分56秒,1.615,65.087
10/16/23 下午04时47分56秒,1.67,68.819
10/16/23 下午05时47分56秒,0.715,63.72
10/16/23 下午06时47分56秒,-0.62,66.895
10/16/23 下午07时47分56秒,-1.27,69.996
10/16/23 下午08时47分56秒,-1.958,75.13
10/16/23 下午09时47分56秒,-2.625,78.391
10/16/23 下午10时47分56秒,-3.39,83.338
10/16/23 下午11时47分56秒,-3.986,83.975
10/17/23 上午12时47分56秒,-4.926,79.264
10/17/23 上午01时47分56秒,-5.449,82.769
10/17/23 上午02时47分56秒,-4.469,83.909
10/17/23 上午03时47分56秒,-4.621,87.202
10/17/23 上午04时47分56秒,-5.141,83.846
10/17/23 上午05时47分56秒,-6.515,82.314
10/17/23 上午06时47分56秒,-6.898,81.721
10/17/23 上午07时47分56秒,-7.478,83.924
10/17/23 上午08时47分56秒,-7.804,84.436
10/17/23 上午09时47分56秒,-5.388,82.533
10/17/23 上午10时47分56秒,-2.392,71.873
10/17/23 上午11时47分56秒,-0.227,65.114
10/17/23 下午12时47分56秒,0.19,63.655
10/17/23 下午01时47分56秒,0.329,53.708
10/17/23 下午02时47分56秒,0.577,58.34
10/17/23 下午03时47分56秒,-0.199,60.347
10/17/23 下午04时47分56秒,-0.311,63.985
10/17/23 下午05时47分56秒,-0.789,62.417
10/17/23 下午06时47分56秒,-1.584,68.357
10/17/23 下午07时47分56秒,-1.814,66.534
10/17/23 下午08时47分56秒,-2.421,68.168
10/17/23 下午09时47分56秒,-2.508,60.997
10/17/23 下午10时47分56秒,-2.859,63.222
10/17/23 下午11时47分56秒,-3.33,73.146
10/18/23 上午12时47分56秒,-3.926,80.082
10/18/23 上午01时47分56秒,-4.469,87.093
10/18/23 上午02时47分56秒,-4.348,83.234
10/18/23 上午03时47分56秒,-4.197,77.185
10/18/23 上午04时47分56秒,-4.378,77.999
10/18/23 上午05时47分56秒,-4.834,80.078
10/18/23 上午06时47分56秒,-5.418,79.024
10/18/23 上午07时47分56秒,-5.48,78.113
10/18/23 上午08时47分56秒,-4.804,77.206
10/18/23 上午09时47分56秒,-4.378,73.483
10/18/23 上午10时47分56秒,-2.45,61.175
10/18/23 上午11时47分56秒,-2.566,66.146
10/18/23 下午12时47分56秒,-2.45,56.85
10/18/23 下午01时47分56秒,-0.789,55.824
10/18/23 下午02时47分56秒,-1.185,59.615
10/18/23 下午03时47分56秒,-1.527,63.767
10/18/23 下午04时47分56秒,-1.584,66.109
10/18/23 下午05时47分56秒,-2.8,66.704
10/18/23 下午06时47分56秒,-3.094,65.141
10/18/23 下午07时47分56秒,-3.807,65.394
10/18/23 下午08时47分56秒,-4.046,67.177
10/18/23 下午09时47分56秒,-4.621,71.472
10/18/23 下午10时47分56秒,-4.651,73.267
10/18/23 下午11时47分56秒,-5.049,75.803
10/19/23 上午12时47分56秒,-5.574,76.13
10/19/23 上午01时47分56秒,-6.01,78.224
10/19/23 上午02时47分56秒,-6.042,78.012
10/19/23 上午03时47分56秒,-6.325,81.606
10/19/23 上午04时47分56秒,-6.642,82.283
10/19/23 上午05时47分56秒,-6.294,77.442
10/19/23 上午06时47分56秒,-7.026,82.692
10/19/23 上午07时47分56秒,-7.058,83.481
10/19/23 上午08时47分56秒,-6.834,81.46
10/19/23 上午09时47分56秒,-4.834,77.355
10/19/23 上午10时47分56秒,-4.378,80.745
10/19/23 上午11时47分56秒,-3.33,79.86
10/19/23 下午12时47分56秒,-2.918,73.259
10/19/23 下午01时47分56秒,-1.871,70.553
10/19/23 下午02时47分56秒,-0.958,54.875
10/19/23 下午03时47分56秒,-1.157,54.729
10/19/23 下午04时47分56秒,-1.128,53.75
10/19/23 下午05时47分56秒,-1.986,55.004
